,year,name,race_id,weather_description,is_it_wet
0,1950,French Grand Prix,838,Hot and sunny,Not Wet
1,1950,Belgian Grand Prix,837,"Warm, dry and sunny",Not Wet
2,1950,British Grand Prix,833,"Sunny, mild, dry.",Not Wet
3,1950,Indianapolis 500,835,Rainy,Wet
4,1950,Monaco Grand Prix,834,No weather description,Not Wet
5,1950,Swiss Grand Prix,836,"Warm, dry and sunny",Not Wet
6,1950,Italian Grand Prix,839,"Warm, hot and sunny",Not Wet
7,1951,French Grand Prix,828,"Sunny, Hot, Dry",Not Wet
8,1951,Spanish Grand Prix,832,"Hot, Dry",Not Wet
9,1951,Italian Grand Prix,831,Warm and sunny,Not Wet
10,1951,German Grand Prix,830,"Sunny, Mild, Dry",Not Wet
11,1951,British Grand Prix,829,"Mild, Dry",Not Wet
12,1951,Indianapolis 500,826,Warm and sunny,Not Wet
13,1951,Belgian Grand Prix,827,"Sunny, Mild, Dry",Not Wet
14,1951,Swiss Grand Prix,825,"Overcast, rain",Wet
15,1952,Swiss Grand Prix,817,Sunny,Not Wet
16,1952,Indianapolis 500,818,Warm and sunny,Not Wet
17,1952,Belgian Grand Prix,819,Rain,Wet
18,1952,French Grand Prix,820,Rain,Wet
19,1952,British Grand Prix,821,"Overcast, dry.",Not Wet
20,1952,Dutch Grand Prix,823,Rainy,Wet
21,1952,Italian Grand Prix,824,Sunny,Not Wet
22,1952,German Grand Prix,822,Sunny,Not Wet
23,1953,Italian Grand Prix,816,"Sunny, mild, dry",Not Wet
24,1953,Swiss Grand Prix,815,"Sunny, mild, dry",Not Wet
25,1953,German Grand Prix,814,"Sunny, mild, dry",Not Wet
26,1953,British Grand Prix,813,"Overcast, showers",Wet
27,1953,Dutch Grand Prix,810,"Sunny, mild, dry",Not Wet
28,1953,Belgian Grand Prix,811,"Hot, dry",Not Wet
29,1953,Indianapolis 500,809,Extremely hot,Not Wet
30,1953,Argentine Grand Prix,808,"Hot, dry",Not Wet
31,1953,French Grand Prix,812,"Hot, dry",Not Wet
32,1954,Spanish Grand Prix,807,"Sunny, mild, dry",Not Wet
33,1954,Italian Grand Prix,806,"Sunny, mild, dry",Not Wet
34,1954,Swiss Grand Prix,805,Rain,Wet
35,1954,German Grand Prix,804,"Sunny, dry",Not Wet
36,1954,British Grand Prix,803,"Cold, wet (heavy rain).<sup id=""cite_ref-BuryFreePressArticle_1-0"" class=""reference""><a href=""#cite_note-BuryFreePressArticle-1"">&#91;1&#93;</a></sup>",Wet
37,1954,French Grand Prix,802,"Overcast, wet",Wet
38,1954,Belgian Grand Prix,801,"Sunny, mild, dry",Not Wet
39,1954,Indianapolis 500,800,Very hot and sunny,Not Wet
40,1954,Argentine Grand Prix,799,"Overcast, wet",Wet
41,1955,Argentine Grand Prix,792,Very hot and dry,Not Wet
42,1955,Dutch Grand Prix,796,Drizzly,Not Wet
43,1955,Belgian Grand Prix,795,No weather description,Not Wet
44,1955,British Grand Prix,797,"Hot, dry.<sup id=""cite_ref-LiverpoolEchoArticle_1-0"" class=""reference""><a href=""#cite_note-LiverpoolEchoArticle-1"">&#91;1&#93;</a></sup>",Not Wet
45,1955,Monaco Grand Prix,793,No weather description,Not Wet
46,1955,Indianapolis 500,794,Cool and windy,Not Wet
47,1955,Italian Grand Prix,798,No weather description,Not Wet
48,1956,Italian Grand Prix,791,"Cloudy, warm, alternating light rain",Wet
49,1956,German Grand Prix,790,No weather description,Not Wet
50,1956,British Grand Prix,789,"Overcast, dry",Not Wet
51,1956,French Grand Prix,788,No weather description,Not Wet
52,1956,Belgian Grand Prix,787,"Wet and overcast, later drying",Wet
53,1956,Monaco Grand Prix,785,"Warm, dry, sunny",Not Wet
54,1956,Argentine Grand Prix,784,Overcast but dry,Not Wet
55,1956,Indianapolis 500,786,"Overcast, dry track",Not Wet
56,1957,Argentine Grand Prix,776,No weather description,Not Wet
57,1957,Indianapolis 500,778,"Slightly overcast, dry track",Not Wet
58,1957,French Grand Prix,779,No weather description,Not Wet
59,1957,British Grand Prix,780,"Overcast, dry.",Not Wet
60,1957,German Grand Prix,781,No weather description,Not Wet
61,1957,Pescara Grand Prix,782,"Sunny, very hot, dry",Not Wet
62,1957,Italian Grand Prix,783,No weather description,Not Wet
63,1957,Monaco Grand Prix,777,No weather description,Not Wet
64,1958,French Grand Prix,770,No weather description,Not Wet
65,1958,Moroccan Grand Prix,775,"Warm, dry, sunny",Not Wet
66,1958,Italian Grand Prix,774,No weather description,Not Wet
67,1958,Portuguese Grand Prix,773,No weather description,Not Wet
68,1958,German Grand Prix,772,No weather description,Not Wet
69,1958,British Grand Prix,771,No weather description,Not Wet
70,1958,Belgian Grand Prix,769,"Hot, dry",Not Wet
71,1958,Indianapolis 500,768,No weather description,Not Wet
72,1958,Monaco Grand Prix,766,No weather description,Not Wet
73,1958,Argentine Grand Prix,765,No weather description,Not Wet
74,1958,Dutch Grand Prix,767,No weather description,Not Wet
75,1959,Portuguese Grand Prix,762,Hot and clear.,Not Wet
76,1959,United States Grand Prix,764,Sunny with temperatures reaching up to 25 °C (77 °F);Winds speeds up to 25.93 km/h (16.11 mph)[1],Not Wet
77,1959,Italian Grand Prix,763,Dry and sunny,Not Wet
78,1959,German Grand Prix,761,Dry and dull.,Not Wet
79,1959,British Grand Prix,760,Dry and sunny.,Not Wet
80,1959,French Grand Prix,759,"Hot, dry",Not Wet
81,1959,Dutch Grand Prix,758,Sunny,Not Wet
82,1959,Indianapolis 500,757,No weather description,Not Wet
83,1959,Monaco Grand Prix,756,"Hot, clear",Not Wet
84,1960,United States Grand Prix,755,"Temperatures up to 24.4&#160;°C (75.9&#160;°F);<br />Wind speeds up to 18.33&#160;km/h (11.39&#160;mph)<sup id=""cite_ref-1"" class=""reference""><a href=""#cite_note-1"">&#91;1&#93;</a></sup>",Not Wet
85,1960,Italian Grand Prix,754,"Warm, dry",Not Wet
86,1960,Portuguese Grand Prix,753,No weather description,Not Wet
87,1960,British Grand Prix,752,"Dry, overcast.",Not Wet
88,1960,French Grand Prix,751,Dry,Not Wet
89,1960,Belgian Grand Prix,750,No weather description,Not Wet
90,1960,Dutch Grand Prix,749,No weather description,Not Wet
91,1960,Indianapolis 500,748,No weather description,Not Wet
92,1960,Monaco Grand Prix,747,No weather description,Not Wet
93,1960,Argentine Grand Prix,746,Dry,Not Wet
94,1961,United States Grand Prix,745,"Temperatures up to 22&#160;°C (72&#160;°F);<br />Wind speeds up to 16.48&#160;km/h (10.24&#160;mph)<sup id=""cite_ref-1"" class=""reference""><a href=""#cite_note-1"">&#91;1&#93;</a></sup>",Not Wet
95,1961,German Grand Prix,743,Wet,Wet
96,1961,Italian Grand Prix,744,Sunny,Not Wet
97,1961,Dutch Grand Prix,739,Sunny,Not Wet
98,1961,Belgian Grand Prix,740,Sunny,Not Wet
99,1961,Monaco Grand Prix,738,Sunny,Not Wet
100,1961,French Grand Prix,741,Sunny,Not Wet
101,1961,British Grand Prix,742,"Torrential rain, drying later",Wet
102,1962,South African Grand Prix,737,"Dry, windy",Not Wet
103,1962,United States Grand Prix,736,Sunny,Not Wet
104,1962,German Grand Prix,734,Heavy rain showers,Wet
105,1962,British Grand Prix,733,Sunny,Not Wet
106,1962,French Grand Prix,732,Sunny,Not Wet
107,1962,Belgian Grand Prix,731,Sunny,Not Wet
108,1962,Dutch Grand Prix,729,Sunny,Not Wet
109,1962,Italian Grand Prix,735,"Dry, with rain later",Wet
110,1962,Monaco Grand Prix,730,Cloudy,Not Wet
111,1963,German Grand Prix,724,"Warm, dry and sunny",Not Wet
112,1963,Mexican Grand Prix,727,"Overcast, dry",Not Wet
113,1963,United States Grand Prix,726,Sunny,Not Wet
114,1963,Italian Grand Prix,725,"Warm, dry and sunny",Not Wet
115,1963,British Grand Prix,723,"Warm, dry and sunny",Not Wet
116,1963,French Grand Prix,722,"Sunny, then rain",Wet
117,1963,Dutch Grand Prix,721,Sunny,Not Wet
118,1963,Belgian Grand Prix,720,Wet and overcast,Wet
119,1963,Monaco Grand Prix,719,"Warm, dry and sunny",Not Wet
120,1963,South African Grand Prix,728,"Hot, dry and windy",Not Wet
121,1964,Austrian Grand Prix,715,Dry,Not Wet
122,1964,Mexican Grand Prix,718,No weather description,Not Wet
123,1964,German Grand Prix,714,Dry,Not Wet
124,1964,British Grand Prix,713,"Warm, dry",Not Wet
125,1964,French Grand Prix,712,Dry,Not Wet
126,1964,United States Grand Prix,717,"Sunny, warm",Not Wet
127,1964,Belgian Grand Prix,711,Dry,Not Wet
128,1964,Dutch Grand Prix,710,Dry,Not Wet
129,1964,Italian Grand Prix,716,Dry,Not Wet
130,1964,Monaco Grand Prix,709,No weather description,Not Wet
131,1965,British Grand Prix,703,"Warm, dry and overcast",Not Wet
132,1965,French Grand Prix,702,Sunny,Not Wet
133,1965,Belgian Grand Prix,701,Heavy rain,Wet
134,1965,Monaco Grand Prix,700,No weather description,Not Wet
135,1965,Mexican Grand Prix,708,No weather description,Not Wet
136,1965,United States Grand Prix,707,"Rainy, windy, cold",Wet
137,1965,Italian Grand Prix,706,No weather description,Not Wet
138,1965,German Grand Prix,705,Overcast and dry,Not Wet
139,1965,Dutch Grand Prix,704,No weather description,Not Wet
140,1965,South African Grand Prix,699,No weather description,Not Wet
141,1966,French Grand Prix,692,"Hot, dry",Not Wet
142,1966,United States Grand Prix,697,"Cool, dry",Not Wet
143,1966,Mexican Grand Prix,698,"Warm, clear",Not Wet
144,1966,Italian Grand Prix,696,"Warm, dry and sunny",Not Wet
145,1966,German Grand Prix,695,Overcast and wet,Wet
146,1966,Dutch Grand Prix,694,"Sunny, Mild, Dry",Not Wet
147,1966,Belgian Grand Prix,691,Overcast and wet,Wet
148,1966,Monaco Grand Prix,690,"Overcast, Mild, Dry",Not Wet
149,1966,British Grand Prix,693,"Wet, drying later",Wet
150,1967,United States Grand Prix,688,Sunny,Not Wet
151,1967,Canadian Grand Prix,686,"Rainy with temperatures up to 24.4&#160;°C (75.9&#160;°F); wind speeds up to 8 kilometres per hour (5.0&#160;mph)<sup id=""cite_ref-1"" class=""reference""><a href=""#cite_note-1"">&#91;1&#93;</a></sup>",Wet
152,1967,South African Grand Prix,679,No weather description,Not Wet
153,1967,Monaco Grand Prix,680,No weather description,Not Wet
154,1967,Dutch Grand Prix,681,No weather description,Not Wet
155,1967,Belgian Grand Prix,682,No weather description,Not Wet
156,1967,French Grand Prix,683,No weather description,Not Wet
157,1967,British Grand Prix,684,No weather description,Not Wet
158,1967,German Grand Prix,685,"Warm, dry and sunny",Not Wet
159,1967,Italian Grand Prix,687,"Warm, dry",Not Wet
160,1967,Mexican Grand Prix,689,No weather description,Not Wet
161,1968,Canadian Grand Prix,676,"Sunny with temperatures reaching up to 27.8&#160;°C (82.0&#160;°F) and wind speeds up to 10.1 kilometres per hour (6.3&#160;mph); no precipitation reported throughout the day<sup id=""cite_ref-1"" class=""reference""><a href=""#cite_note-1"">&#91;1&#93;</a></sup>",Not Wet
162,1968,Mexican Grand Prix,678,"Sunny, Mild, Dry",Not Wet
163,1968,German Grand Prix,674,"Hazy, Wet",Wet
164,1968,British Grand Prix,673,"Hot, Dry",Not Wet
165,1968,French Grand Prix,672,Wet,Wet
166,1968,Monaco Grand Prix,669,"Sunny, Mild, Dry",Not Wet
167,1968,Belgian Grand Prix,670,"Overcast, Dry",Not Wet
168,1968,Spanish Grand Prix,668,"Hot, Dry",Not Wet
169,1968,South African Grand Prix,667,"Very hot, dry",Not Wet
170,1968,United States Grand Prix,677,"Temperatures reaching a maximum of 20&#160;°C (68&#160;°F);<br />wind speeds up to 14.82&#160;km/h (9.21&#160;mph)<sup id=""cite_ref-1"" class=""reference""><a href=""#cite_note-1"">&#91;1&#93;</a></sup>",Not Wet
171,1968,Dutch Grand Prix,671,Showers,Wet
172,1968,Italian Grand Prix,675,"Hot, Dry",Not Wet
173,1969,United States Grand Prix,665,"Dry with temperatures reaching up to 18&#160;°C (64&#160;°F);<br />Wind speeds up to 18.70&#160;km/h (11.62&#160;mph)<sup id=""cite_ref-1"" class=""reference""><a href=""#cite_note-1"">&#91;1&#93;</a></sup>",Not Wet
174,1969,Mexican Grand Prix,666,Warm and dry,Not Wet
175,1969,Canadian Grand Prix,664,"Mild with temperatures approaching 21.1&#160;°C (70.0&#160;°F); wind speeds up to 10.1 kilometres per hour (6.3&#160;mph)<sup id=""cite_ref-1"" class=""reference""><a href=""#cite_note-1"">&#91;1&#93;</a></sup>",Not Wet
176,1969,South African Grand Prix,656,"Hot, Dry",Not Wet
177,1969,British Grand Prix,661,"Overcast, dry",Not Wet
178,1969,French Grand Prix,660,"Sunny, mild, dry",Not Wet
179,1969,Dutch Grand Prix,659,"Sunny, mild, dry",Not Wet
180,1969,Monaco Grand Prix,658,"Overcast, mild, dry",Not Wet
181,1969,Spanish Grand Prix,657,"Sunny, mild, dry",Not Wet
182,1969,German Grand Prix,662,No weather description,Not Wet
183,1969,Italian Grand Prix,663,"Sunny, Dry",Not Wet
184,1970,Spanish Grand Prix,644,"Very hot, Dry",Not Wet
185,1970,Monaco Grand Prix,645,Sunny and warm,Not Wet
186,1970,Dutch Grand Prix,647,Cloudy,Not Wet
187,1970,French Grand Prix,648,Overcast,Not Wet
188,1970,Italian Grand Prix,652,"Sunny, Dry",Not Wet
189,1970,Canadian Grand Prix,653,"Mild with temperatures approaching 23.3&#160;°C (73.9&#160;°F); winds gusting up to 10.1 kilometres per hour (6.3&#160;mph)<sup id=""cite_ref-1"" class=""reference""><a href=""#cite_note-1"">&#91;1&#93;</a></sup>",Not Wet
190,1970,United States Grand Prix,654,"Cloudy and dry with temperatures reaching up to 10&#160;°C (50&#160;°F);<br />Wind speeds up to 29.5&#160;km/h (18.3&#160;mph)<sup id=""cite_ref-1"" class=""reference""><a href=""#cite_note-1"">&#91;1&#93;</a></sup>",Not Wet
191,1970,South African Grand Prix,643,"Very hot, Dry",Not Wet
192,1970,British Grand Prix,649,No weather description,Not Wet
193,1970,German Grand Prix,650,No weather description,Not Wet
194,1970,Austrian Grand Prix,651,No weather description,Not Wet
195,1970,Mexican Grand Prix,655,No weather description,Not Wet
196,1970,Belgian Grand Prix,646,No weather description,Not Wet
197,1971,Spanish Grand Prix,633,"Sunny, Hot, Dry",Not Wet
198,1971,Monaco Grand Prix,634,Overcast,Not Wet
199,1971,United States Grand Prix,642,Dry,Not Wet
200,1971,Canadian Grand Prix,641,Rainy and foggy with temperatures approaching 17.8 °C (64.0 °F); wind speeds up to 8 kilometres per hour (5.0 mph)[1],Wet
201,1971,British Grand Prix,637,"Overcast, dry",Not Wet
202,1971,Austrian Grand Prix,639,Dry,Not Wet
203,1971,German Grand Prix,638,No weather description,Not Wet
204,1971,South African Grand Prix,632,"Sunny, Hot, Dry",Not Wet
205,1971,Italian Grand Prix,640,No weather description,Not Wet
206,1971,Dutch Grand Prix,635,Wet,Wet
207,1971,French Grand Prix,636,No weather description,Not Wet
208,1972,Austrian Grand Prix,628,"Sunny, hot",Not Wet
209,1972,Italian Grand Prix,629,Dry and sunny,Not Wet
210,1972,Canadian Grand Prix,630,Mild with temperatures approaching 22.8 °C (73.0 °F); wind speeds up to 12 kilometres per hour (7.5 mph)[1],Not Wet
211,1972,United States Grand Prix,631,"Sunny at start, brief showers late",Wet
212,1972,Monaco Grand Prix,623,Wet,Wet
213,1972,Belgian Grand Prix,624,No weather description,Not Wet
214,1972,French Grand Prix,625,No weather description,Not Wet
215,1972,Argentine Grand Prix,620,No weather description,Not Wet
216,1972,British Grand Prix,626,"Warm, dry",Not Wet
217,1972,Spanish Grand Prix,622,No weather description,Not Wet
218,1972,South African Grand Prix,621,"Sunny, Hot, Dry",Not Wet
219,1972,German Grand Prix,627,No weather description,Not Wet
220,1973,Brazilian Grand Prix,606,Partly cloudy and hot,Not Wet
221,1973,United States Grand Prix,619,Cloudy with temperatures approaching 20 °C (68 °F);Wind speeds up to 14.82 km/h (9.21 mph)[1],Not Wet
222,1973,South African Grand Prix,607,"Sunny, Hot, Dry",Not Wet
223,1973,Spanish Grand Prix,608,"Sunny, Hot, Dry",Not Wet
224,1973,Belgian Grand Prix,609,"Warm, dry",Not Wet
225,1973,Monaco Grand Prix,610,No weather description,Not Wet
226,1973,Swedish Grand Prix,611,No weather description,Not Wet
227,1973,French Grand Prix,612,Sunny and warm,Not Wet
228,1973,British Grand Prix,613,Dry,Not Wet
229,1973,Dutch Grand Prix,614,Dry,Not Wet
230,1973,German Grand Prix,615,Dry,Not Wet
231,1973,Austrian Grand Prix,616,No weather description,Not Wet
232,1973,Italian Grand Prix,617,No weather description,Not Wet
233,1973,Canadian Grand Prix,618,Mild with temperatures approaching 22.2 °C (72.0 °F); wind speeds up to 11.8 kilometres per hour (7.3 mph)[1],Not Wet
234,1973,Argentine Grand Prix,605,No weather description,Not Wet
235,1974,Argentine Grand Prix,590,Hot and sunny,Not Wet
236,1974,United States Grand Prix,604,"Clear, warm",Not Wet
237,1974,Canadian Grand Prix,603,"Cold with temperatures approaching 13.3&#160;°C (55.9&#160;°F); wind speeds up to 15 kilometres per hour (9.3&#160;mph)<sup id=""cite_ref-1"" class=""reference""><a href=""#cite_note-1"">&#91;1&#93;</a></sup>",Not Wet
238,1974,German Grand Prix,600,"Overcast, showers",Wet
239,1974,Brazilian Grand Prix,591,"Cloudy and dry in the first phase, then seasonal monsoon later.",Wet
240,1974,Austrian Grand Prix,601,No weather description,Not Wet
241,1974,South African Grand Prix,592,No weather description,Not Wet
242,1974,Spanish Grand Prix,593,No weather description,Not Wet
243,1974,Belgian Grand Prix,594,No weather description,Not Wet
244,1974,Monaco Grand Prix,595,No weather description,Not Wet
245,1974,Swedish Grand Prix,596,No weather description,Not Wet
246,1974,French Grand Prix,598,No weather description,Not Wet
247,1974,British Grand Prix,599,No weather description,Not Wet
248,1974,Italian Grand Prix,602,No weather description,Not Wet
249,1974,Dutch Grand Prix,597,No weather description,Not Wet
250,1975,South African Grand Prix,578,Sunny,Not Wet
251,1975,Spanish Grand Prix,579,Sunny,Not Wet
252,1975,Monaco Grand Prix,580,"Rain, later drying",Wet
253,1975,Belgian Grand Prix,581,Dry and sunny,Not Wet
254,1975,Swedish Grand Prix,582,Dry,Not Wet
255,1975,Dutch Grand Prix,583,"Wet, drying later",Wet
256,1975,German Grand Prix,586,Dry and sunny,Not Wet
257,1975,British Grand Prix,585,"Sunny, then overcast, then heavy rain",Wet
258,1975,Austrian Grand Prix,587,Heavy rain,Wet
259,1975,Italian Grand Prix,588,Dry and sunny,Not Wet
260,1975,United States Grand Prix,589,"Partly sunny with temperatures reaching a maximum of 20.6&#160;°C (69.1&#160;°F);<br />Winds gusting up to 31.48&#160;km/h (19.56&#160;mph)<sup id=""cite_ref-1"" class=""reference""><a href=""#cite_note-1"">&#91;1&#93;</a></sup>",Not Wet
261,1975,Brazilian Grand Prix,577,Hot and dry,Not Wet
262,1975,French Grand Prix,584,Dry and sunny,Not Wet
263,1975,Argentine Grand Prix,576,Hot and sunny,Not Wet
264,1976,British Grand Prix,568,Dry,Not Wet
265,1976,South African Grand Prix,561,Sunny,Not Wet
266,1976,Japanese Grand Prix,575,"Very wet and misty, eventually drying",Wet
267,1976,United States Grand Prix,574,"Sunny with temperatures reaching up to 16&#160;°C (61&#160;°F);<br />Winds gusting up to 44.45&#160;km/h (27.62&#160;mph)<sup id=""cite_ref-2"" class=""reference""><a href=""#cite_note-2"">&#91;2&#93;</a></sup>",Not Wet
268,1976,Canadian Grand Prix,573,"Mild with temperatures approaching 22&#160;°C (72&#160;°F); wind speeds up to 8.9 kilometres per hour (5.5&#160;mph)<sup id=""cite_ref-2"" class=""reference""><a href=""#cite_note-2"">&#91;2&#93;</a></sup>",Not Wet
269,1976,Dutch Grand Prix,571,"Warm, dry",Not Wet
270,1976,German Grand Prix,569,"Rain at start, later drying",Wet
271,1976,Swedish Grand Prix,566,Dry,Not Wet
272,1976,Brazilian Grand Prix,560,Sunny,Not Wet
273,1976,United States Grand Prix West,562,Hot and sunny with temperatures reaching up to 70 °F (21 °C); wind speeds approaching speeds up to 15 miles per hour (24 km/h)[2],Not Wet
274,1976,Monaco Grand Prix,565,Dry,Not Wet
275,1976,Italian Grand Prix,572,No weather description,Not Wet
276,1976,Austrian Grand Prix,570,No weather description,Not Wet
277,1976,French Grand Prix,567,No weather description,Not Wet
278,1976,Belgian Grand Prix,564,No weather description,Not Wet
279,1976,Spanish Grand Prix,563,No weather description,Not Wet
280,1977,German Grand Prix,553,Dry,Not Wet
281,1977,South African Grand Prix,545,Sunny,Not Wet
282,1977,United States Grand Prix West,546,"Sunny with temperatures reaching up to 68&#160;°F (20&#160;°C); winds gusting up to 10.9 miles per hour (17.5&#160;km/h)<sup id=""cite_ref-1"" class=""reference""><a href=""#cite_note-1"">&#91;1&#93;</a></sup>",Not Wet
283,1977,Monaco Grand Prix,548,Dry,Not Wet
284,1977,Belgian Grand Prix,549,Wet,Wet
285,1977,Swedish Grand Prix,550,Dry,Not Wet
286,1977,French Grand Prix,551,Dry,Not Wet
287,1977,British Grand Prix,552,Sunny,Not Wet
288,1977,Japanese Grand Prix,559,Dry,Not Wet
289,1977,Canadian Grand Prix,558,"Cold with temperatures approaching 12&#160;°C (54&#160;°F); wind speeds up to 12.8 kilometres per hour (8.0&#160;mph)<sup id=""cite_ref-1"" class=""reference""><a href=""#cite_note-1"">&#91;1&#93;</a></sup>",Not Wet
290,1977,United States Grand Prix,557,"Rain with temperatures reaching up to 17&#160;°C (63&#160;°F);<br />Winds gusting up to 23.69&#160;km/h (14.72&#160;mph)<sup id=""cite_ref-1"" class=""reference""><a href=""#cite_note-1"">&#91;1&#93;</a></sup>",Wet
291,1977,Italian Grand Prix,556,Dry,Not Wet
292,1977,Dutch Grand Prix,555,Dry,Not Wet
293,1977,Austrian Grand Prix,554,"Wet, then drying",Wet
294,1977,Brazilian Grand Prix,544,Dry,Not Wet
295,1977,Spanish Grand Prix,547,No weather description,Not Wet
296,1977,Argentine Grand Prix,543,Dry,Not Wet
297,1978,Dutch Grand Prix,539,Dry,Not Wet
298,1978,Italian Grand Prix,540,Sunny,Not Wet
299,1978,Argentine Grand Prix,527,Dry,Not Wet
300,1978,Brazilian Grand Prix,528,Dry,Not Wet
301,1978,South African Grand Prix,529,Dry,Not Wet
302,1978,United States Grand Prix West,530,Scattered clouds 17 °C (63 °F)[1],Not Wet
303,1978,Monaco Grand Prix,531,Dry,Not Wet
304,1978,Canadian Grand Prix,542,Mostly cloudy5 °C (41 °F)[1],Not Wet
305,1978,Belgian Grand Prix,532,Dry,Not Wet
306,1978,Swedish Grand Prix,534,Sunny and warm,Not Wet
307,1978,French Grand Prix,535,Dry,Not Wet
308,1978,British Grand Prix,536,Dry,Not Wet
309,1978,German Grand Prix,537,Dry,Not Wet
310,1978,Austrian Grand Prix,538,Wet,Wet
311,1978,Spanish Grand Prix,533,Dry,Not Wet
312,1978,United States Grand Prix,541,"Cloudy, dry",Not Wet
313,1979,Austrian Grand Prix,522,Dry,Not Wet
314,1979,Italian Grand Prix,524,Dry and sunny,Not Wet
315,1979,Argentine Grand Prix,512,Dry,Not Wet
316,1979,Brazilian Grand Prix,513,Dry,Not Wet
317,1979,South African Grand Prix,514,Wet,Wet
318,1979,United States Grand Prix West,515,Sunny and warm with temperatures reaching up to 66 °F (19 °C); winds gusting up to 8 miles per hour (13 km/h)[1],Not Wet
319,1979,Spanish Grand Prix,516,Dry,Not Wet
320,1979,Belgian Grand Prix,517,Dry,Not Wet
321,1979,Monaco Grand Prix,518,Dry,Not Wet
322,1979,French Grand Prix,519,Dry,Not Wet
323,1979,United States Grand Prix,526,Rain with temperatures reaching a maximum of 15 °C (59 °F);Wind speeds up to 27.78 km/h (17.26 mph)[1],Wet
324,1979,Canadian Grand Prix,525,"Partially cloudy, mild and dry with temperatures reaching up to 21&#160;°C (70&#160;°F); wind speeds up to 18.3 kilometres per hour (11.4&#160;mph)<sup id=""cite_ref-1"" class=""reference""><a href=""#cite_note-1"">&#91;1&#93;</a></sup>",Not Wet
325,1979,British Grand Prix,520,Dry,Not Wet
326,1979,Dutch Grand Prix,523,Dry,Not Wet
327,1979,German Grand Prix,521,Dry,Not Wet
328,1980,United States Grand Prix,511,Cloudy and dry with temperatures reaching up to 12 °C (54 °F);Wind speeds up to 14.82 km/h (9.21 mph)[1],Not Wet
329,1980,Canadian Grand Prix,510,"Cold and dry with temperatures reaching up to 11&#160;°C (52&#160;°F); wind speeds up to 15.9 kilometres per hour (9.9&#160;mph)<sup id=""cite_ref-1"" class=""reference""><a href=""#cite_note-1"">&#91;1&#93;</a></sup>",Not Wet
330,1980,Italian Grand Prix,509,"Sunny, Mild, Dry",Not Wet
331,1980,Dutch Grand Prix,508,"Sunny, Mild, Dry",Not Wet
332,1980,Austrian Grand Prix,507,"Mild, Dry",Not Wet
333,1980,Brazilian Grand Prix,499,Dry,Not Wet
334,1980,German Grand Prix,506,"Overcast, Dry",Not Wet
335,1980,British Grand Prix,505,No weather description,Not Wet
336,1980,French Grand Prix,504,Dry,Not Wet
337,1980,Monaco Grand Prix,503,"Dry at the start, damp in the end",Not Wet
338,1980,Belgian Grand Prix,502,Dry,Not Wet
339,1980,United States Grand Prix West,501,Sunny and warm with temperatures reaching up to 81 °F (27 °C); wind speeds up to 10.9 miles per hour (17.5 km/h)[1],Not Wet
340,1980,Argentine Grand Prix,498,"Sunny, Very hot, Dry",Not Wet
341,1980,South African Grand Prix,500,Dry,Not Wet
342,1981,Italian Grand Prix,495,Dry and sunny,Not Wet
343,1981,Dutch Grand Prix,494,"Sunny, dry",Not Wet
344,1981,Austrian Grand Prix,493,"Mild, Dry",Not Wet
345,1981,German Grand Prix,492,Wet / Dry,Wet
346,1981,British Grand Prix,491,Dry,Not Wet
347,1981,Monaco Grand Prix,488,Dry,Not Wet
348,1981,Spanish Grand Prix,489,"Sunny, hot",Not Wet
349,1981,Belgian Grand Prix,487,"Dry, then wet at the end",Wet
350,1981,San Marino Grand Prix,486,"Rain, cold",Wet
351,1981,Brazilian Grand Prix,484,"Overcast, Fresh, Rain",Wet
352,1981,United States Grand Prix West,483,Sunny and warm with temperatures reaching up to 71.1 °F (21.7 °C); wind speeds approaching 10.9 miles per hour (17.5 km/h)[1],Not Wet
353,1981,French Grand Prix,490,"Dry, then wet at half distance, then dry again",Wet
354,1981,Argentine Grand Prix,485,"Sunny, dry",Not Wet
355,1981,Canadian Grand Prix,496,Wet and cold with temperatures up to 20 °C (68 °F); wind speeds up to 15 kilometres per hour (9.3 mph)[1],Wet
356,1981,Caesars Palace Grand Prix,497,"Sunny with temperatures reaching up to 75&#160;°F (24&#160;°C); wind speeds approaching speeds up to 11.1 miles per hour (17.9&#160;km/h)<sup id=""cite_ref-1"" class=""reference""><a href=""#cite_note-1"">&#91;1&#93;</a></sup>",Not Wet
357,1982,United States Grand Prix West,469,Clear and warm with temperatures reaching up to 63.9 °F (17.7 °C); wind speeds approaching speeds up to 11.8 miles per hour (19.0 km/h)[1],Not Wet
358,1982,Italian Grand Prix,481,Dry,Not Wet
359,1982,Belgian Grand Prix,471,"Cold with air temperatures reaching up to 13&#160;°C (55&#160;°F)<sup id=""cite_ref-1"" class=""reference""><a href=""#cite_note-1"">&#91;1&#93;</a></sup>",Not Wet
360,1982,Monaco Grand Prix,472,"Dry, then Wet",Wet
361,1982,Detroit Grand Prix,473,"Sunny and warm with temperatures reaching up to 72&#160;°F (22&#160;°C); wind speeds up to 16.1 miles per hour (25.9&#160;km/h)<sup id=""cite_ref-1"" class=""reference""><a href=""#cite_note-1"">&#91;1&#93;</a></sup>",Not Wet
362,1982,Canadian Grand Prix,474,"Overcast and chilly<br />17&#160;°C (63&#160;°F)<sup id=""cite_ref-1"" class=""reference""><a href=""#cite_note-1"">&#91;1&#93;</a></sup>",Not Wet
363,1982,Caesars Palace Grand Prix,482,Sunny with temperatures reaching up to 98.8 °F (37.1 °C); wind speeds approaching speeds up to 18.1 miles per hour (29.1 km/h)[1],Not Wet
364,1982,Dutch Grand Prix,475,Cloudy,Not Wet
365,1982,French Grand Prix,477,Dry,Not Wet
366,1982,German Grand Prix,478,Dry,Not Wet
367,1982,Austrian Grand Prix,479,"Sunny, hot",Not Wet
368,1982,Swiss Grand Prix,480,Dry,Not Wet
369,1982,South African Grand Prix,467,Dry,Not Wet
370,1982,Brazilian Grand Prix,468,Dry,Not Wet
371,1982,San Marino Grand Prix,470,No weather description,Not Wet
372,1982,British Grand Prix,476,No weather description,Not Wet
373,1983,Belgian Grand Prix,457,No weather description,Not Wet
374,1983,United States Grand Prix West,453,Sunny and warm with temperatures reaching up to 65.8 °F (18.8 °C); wind speeds approaching speeds up to 9.9 miles per hour (15.9 km/h)[1],Not Wet
375,1983,French Grand Prix,454,"Dry, grey and cool[1]",Not Wet
376,1983,San Marino Grand Prix,455,No weather description,Not Wet
377,1983,Monaco Grand Prix,456,Wet track at the start,Wet
378,1983,Detroit Grand Prix,458,Sunny and warm with temperatures reaching up to 76.8 °F (24.9 °C); wind speeds up to 11.3 miles per hour (18.2 km/h)[1],Not Wet
379,1983,German Grand Prix,461,Dry,Not Wet
380,1983,Austrian Grand Prix,462,Dry,Not Wet
381,1983,Dutch Grand Prix,463,Cloudy,Not Wet
382,1983,Italian Grand Prix,464,Dry,Not Wet
383,1983,European Grand Prix,465,Dry,Not Wet
384,1983,South African Grand Prix,466,Dry,Not Wet
385,1983,Brazilian Grand Prix,452,Dry,Not Wet
386,1983,Canadian Grand Prix,459,Warm with temperatures approaching 30 °C (86 °F); wind speeds up to 15 kilometres per hour (9.3 mph)[1],Not Wet
387,1983,British Grand Prix,460,No weather description,Not Wet
388,1984,San Marino Grand Prix,439,No weather description,Not Wet
389,1984,French Grand Prix,440,Dry,Not Wet
390,1984,Monaco Grand Prix,441,Heavy rain and spray,Wet
391,1984,Canadian Grand Prix,442,Dry with temperatures approaching 26 °C (79 °F); wind speeds up to 12.9 kilometres per hour (8.0 mph)[1],Not Wet
392,1984,Detroit Grand Prix,443,Sunny and warm with temperatures reaching up to 77.9 °F (25.5 °C); wind speeds up to 11.3 miles per hour (18.2 km/h)[1],Not Wet
393,1984,Dallas Grand Prix,444,Sunny with temperatures reaching up to 100 °F (38 °C); wind speeds approaching speeds up to 14 miles per hour (23 km/h)[1],Not Wet
394,1984,British Grand Prix,445,No weather description,Not Wet
395,1984,Austrian Grand Prix,447,Dry,Not Wet
396,1984,Belgian Grand Prix,438,No weather description,Not Wet
397,1984,Dutch Grand Prix,448,Sunny,Not Wet
398,1984,Italian Grand Prix,449,Dry,Not Wet
399,1984,European Grand Prix,450,Sunny,Not Wet
400,1984,Portuguese Grand Prix,451,Dry,Not Wet
401,1984,German Grand Prix,446,Dry,Not Wet
402,1984,South African Grand Prix,437,Dry,Not Wet
403,1984,Brazilian Grand Prix,436,Dry,Not Wet
404,1985,Austrian Grand Prix,429,Dry,Not Wet
405,1985,Dutch Grand Prix,430,Sunny,Not Wet
406,1985,Brazilian Grand Prix,420,"Dry, 34&#160;°C (93&#160;°F) air temperature",Not Wet
407,1985,Portuguese Grand Prix,421,"Overcast, Cold, Rain",Wet
408,1985,Monaco Grand Prix,423,Dry,Not Wet
409,1985,Canadian Grand Prix,424,"Sunny with temperatures approaching 20.5&#160;°C (68.9&#160;°F); wind speeds up to 12.9 kilometres per hour (8.0&#160;mph)<sup id=""cite_ref-1"" class=""reference""><a href=""#cite_note-1"">&#91;1&#93;</a></sup>",Not Wet
410,1985,Detroit Grand Prix,425,"Clear and cool with temperatures reaching up to 80.1&#160;°F (26.7&#160;°C); wind speeds up to 23 miles per hour (37&#160;km/h)<sup id=""cite_ref-1"" class=""reference""><a href=""#cite_note-1"">&#91;1&#93;</a></sup>",Not Wet
411,1985,South African Grand Prix,434,Dry,Not Wet
412,1985,Australian Grand Prix,435,Sunny,Not Wet
413,1985,French Grand Prix,426,"Dry, hot<sup id=""cite_ref-MotorSport_2-2"" class=""reference""><a href=""#cite_note-MotorSport-2"">&#91;2&#93;</a></sup>",Not Wet
414,1985,British Grand Prix,427,"Cool, overcast",Not Wet
415,1985,Italian Grand Prix,431,Dry,Not Wet
416,1985,German Grand Prix,428,Dry,Not Wet
417,1985,Belgian Grand Prix,432,"Wet/Dry, drying up in later stages",Wet
418,1985,San Marino Grand Prix,422,No weather description,Not Wet
419,1985,European Grand Prix,433,No weather description,Not Wet
420,1986,Austrian Grand Prix,415,Dry,Not Wet
421,1986,Belgian Grand Prix,408,Dry,Not Wet
422,1986,British Grand Prix,412,Sunny,Not Wet
423,1986,French Grand Prix,411,Dry,Not Wet
424,1986,Detroit Grand Prix,410,"Cloudy and hot with temperatures reaching up to 91&#160;°F (33&#160;°C); wind speeds up to 23 miles per hour (37&#160;km/h)<sup id=""cite_ref-1"" class=""reference""><a href=""#cite_note-1"">&#91;1&#93;</a></sup>",Not Wet
425,1986,Canadian Grand Prix,409,"Dry with temperatures approaching 25&#160;°C (77&#160;°F); wind speeds up to 20.5&#160;km/h (12.7&#160;mph)<sup id=""cite_ref-1"" class=""reference""><a href=""#cite_note-1"">&#91;1&#93;</a></sup>",Not Wet
426,1986,Italian Grand Prix,416,Dry,Not Wet
427,1986,German Grand Prix,413,Dry,Not Wet
428,1986,Portuguese Grand Prix,417,Dry,Not Wet
429,1986,Mexican Grand Prix,418,Sunny and hot,Not Wet
430,1986,Australian Grand Prix,419,Sunny,Not Wet
431,1986,Monaco Grand Prix,407,"Sunny, mild, dry",Not Wet
432,1986,Spanish Grand Prix,405,"Warm, dry and sunny",Not Wet
433,1986,San Marino Grand Prix,406,"Overcast, warm",Not Wet
434,1986,Brazilian Grand Prix,404,"Hot, dry and sunny",Not Wet
435,1986,Hungarian Grand Prix,414,No weather description,Not Wet
436,1987,Brazilian Grand Prix,388,Sunny,Not Wet
437,1987,San Marino Grand Prix,389,"Sunny, warm",Not Wet
438,1987,Belgian Grand Prix,390,Cloudy and cool,Not Wet
439,1987,Monaco Grand Prix,391,Sunny and warm,Not Wet
440,1987,Detroit Grand Prix,392,Clear with rain showers later on; temperatures reaching up to 78.1 °F (25.6 °C); wind speeds up to 19.6 miles per hour (31.5 km/h)[1],Wet
441,1987,French Grand Prix,393,Sunny and hot,Not Wet
442,1987,Austrian Grand Prix,397,Dry,Not Wet
443,1987,German Grand Prix,395,No weather description,Not Wet
444,1987,British Grand Prix,394,Sunny and warm,Not Wet
445,1987,Italian Grand Prix,398,Dry,Not Wet
446,1987,Hungarian Grand Prix,396,Dry,Not Wet
447,1987,Portuguese Grand Prix,399,Dry,Not Wet
448,1987,Australian Grand Prix,403,Sunny,Not Wet
449,1987,Mexican Grand Prix,401,Sunny and hot,Not Wet
450,1987,Japanese Grand Prix,402,Dry,Not Wet
451,1987,Spanish Grand Prix,400,Sunny and hot,Not Wet
452,1988,Brazilian Grand Prix,372,Cloudy and hot,Not Wet
453,1988,San Marino Grand Prix,373,"Sunny, warm",Not Wet
454,1988,Monaco Grand Prix,374,Warm and dry,Not Wet
455,1988,Mexican Grand Prix,375,Sunny and hot,Not Wet
456,1988,Canadian Grand Prix,376,Sunny and hot with temperatures up to 29 °C (84 °F); wind speeds up to 19 kilometres per hour (12 mph)[1],Not Wet
457,1988,German Grand Prix,380,Wet and cool,Wet
458,1988,British Grand Prix,379,Wet and cool,Wet
459,1988,Hungarian Grand Prix,381,Sunny and hot,Not Wet
460,1988,Belgian Grand Prix,382,"Warm, dry and overcast",Not Wet
461,1988,Italian Grand Prix,383,Sunny and hot,Not Wet
462,1988,Portuguese Grand Prix,384,Sunny and hot,Not Wet
463,1988,Spanish Grand Prix,385,Sunny and hot,Not Wet
464,1988,Japanese Grand Prix,386,"Cool and mainly dry, some rain toward the end",Wet
465,1988,Detroit Grand Prix,377,Warm and sunny with temperatures up to 91.9 °F (33.3 °C); wind speeds up to 11.1 miles per hour (17.9 km/h)[1],Not Wet
466,1988,Australian Grand Prix,387,Cloudy and hot,Not Wet
467,1988,French Grand Prix,378,Sunny and hot,Not Wet
468,1989,San Marino Grand Prix,357,"Warm, dry, sunny",Not Wet
469,1989,Canadian Grand Prix,361,Cool and rainy with temperatures approaching 24 °C (75 °F); wind speeds up to 17.9 kilometres per hour (11.1 mph)[1],Wet
470,1989,Brazilian Grand Prix,356,"Very hot, dry, sunny",Not Wet
471,1989,Monaco Grand Prix,358,"Warm, dry, sunny",Not Wet
472,1989,Mexican Grand Prix,359,"Hot, dry, partly sunny 25°C/79°F, 40% Humidity, wind NW-10mph",Not Wet
473,1989,United States Grand Prix,360,"Hot, sunny; temperature up to maximum of 38.3 °C (100.9 °F)[1]",Not Wet
474,1989,French Grand Prix,362,"Hot, dry, sunny",Not Wet
475,1989,Spanish Grand Prix,369,"Dry, hot, sunny",Not Wet
476,1989,German Grand Prix,364,"Warm, cloudy",Not Wet
477,1989,Hungarian Grand Prix,365,Cloudy,Not Wet
478,1989,Belgian Grand Prix,366,"Wet, cloudy, cool",Wet
479,1989,Italian Grand Prix,367,"Hot, dry, sunny",Not Wet
480,1989,Portuguese Grand Prix,368,"Hot, dry, sunny",Not Wet
481,1989,Japanese Grand Prix,370,"Dry, warm, cloudy",Not Wet
482,1989,Australian Grand Prix,371,"Wet, cool",Wet
483,1989,British Grand Prix,363,"Warm, dry, sunny",Not Wet
484,1990,Portuguese Grand Prix,333,No weather description,Not Wet
485,1990,Japanese Grand Prix,335,Sunny,Not Wet
486,1990,Australian Grand Prix,336,Sunny,Not Wet
487,1990,United States Grand Prix,321,"Cloudy and cool with temperatures reaching up to 18&#160;°C (64&#160;°F)<sup id=""cite_ref-1"" class=""reference""><a href=""#cite_note-1"">&#91;1&#93;</a></sup>",Not Wet
488,1990,Brazilian Grand Prix,322,"Hot, dry, sunny",Not Wet
489,1990,San Marino Grand Prix,323,"Warm, dry, sunny",Not Wet
490,1990,Monaco Grand Prix,324,"Warm, dry, sunny",Not Wet
491,1990,Spanish Grand Prix,334,"Dry, hot, sunny",Not Wet
492,1990,French Grand Prix,327,"Hot, dry, sunny",Not Wet
493,1990,Italian Grand Prix,332,"Hot, dry, sunny",Not Wet
494,1990,Belgian Grand Prix,331,Dry,Not Wet
495,1990,Hungarian Grand Prix,330,Dry,Not Wet
496,1990,Canadian Grand Prix,325,"Warm and cloudy with temperatures approaching 19.8&#160;°C (67.6&#160;°F); wind speeds up to 27.8 kilometres per hour (17.3&#160;mph)<sup id=""cite_ref-1"" class=""reference""><a href=""#cite_note-1"">&#91;1&#93;</a></sup>",Not Wet
497,1990,German Grand Prix,329,"Hot, dry, sunny",Not Wet
498,1990,British Grand Prix,328,"Hot, dry, sunny",Not Wet
499,1990,Mexican Grand Prix,326,"Overcast<br />21&#160;°C (70&#160;°F)<sup id=""cite_ref-1"" class=""reference""><a href=""#cite_note-1"">&#91;1&#93;</a></sup>",Not Wet
500,1991,Italian Grand Prix,316,Sunny and warm,Not Wet
501,1991,Portuguese Grand Prix,317,Sunny and warm,Not Wet
502,1991,Hungarian Grand Prix,314,"Hot dry, sunny",Not Wet
503,1991,Japanese Grand Prix,319,"Sunny, warm",Not Wet
504,1991,Australian Grand Prix,320,Torrential rain,Wet
505,1991,Canadian Grand Prix,309,"Mild with temperatures approaching 25&#160;°C (77&#160;°F);<br />Wind speeds up to 12&#160;km/h (7.5&#160;mph)<sup id=""cite_ref-1"" class=""reference""><a href=""#cite_note-1"">&#91;1&#93;</a></sup>",Not Wet
506,1991,German Grand Prix,313,Hot and sunny,Not Wet
507,1991,British Grand Prix,312,"Hot, dry, sunny",Not Wet
508,1991,Mexican Grand Prix,310,"Mostly Cloudy<br />24&#160;°C (75&#160;°F)<sup id=""cite_ref-1"" class=""reference""><a href=""#cite_note-1"">&#91;1&#93;</a></sup>",Not Wet
509,1991,Belgian Grand Prix,315,Sunny and hot,Not Wet
510,1991,Spanish Grand Prix,318,"Warm and overcast, drying",Not Wet
511,1991,United States Grand Prix,305,Overcast25 °C (77 °F)[1],Not Wet
512,1991,Brazilian Grand Prix,306,"Cloudy at start, rainy later. Ambient temperature: 29.4°C (85°F).Humidity: 95%.Wind speed: 33.7 km/h (21 mph).",Wet
513,1991,San Marino Grand Prix,307,"Wet at start, dry by finish",Wet
514,1991,Monaco Grand Prix,308,"Cloudy, mild, dry",Not Wet
515,1991,French Grand Prix,311,No weather description,Not Wet
516,1992,Australian Grand Prix,304,Cloudy,Not Wet
517,1992,Hungarian Grand Prix,299,Dry,Not Wet
518,1992,Belgian Grand Prix,300,"Overcast, brief rain mid-race",Wet
519,1992,Italian Grand Prix,301,Sunny and warm,Not Wet
520,1992,Japanese Grand Prix,303,"Dry, warm, cloudy",Not Wet
521,1992,South African Grand Prix,289,"Hot, dry and dull",Not Wet
522,1992,Mexican Grand Prix,290,Scattered Clouds27 °C (81 °F)[1],Not Wet
523,1992,Brazilian Grand Prix,291,Dry,Not Wet
524,1992,Spanish Grand Prix,292,"Dry at start, wet later",Wet
525,1992,San Marino Grand Prix,293,Sunny,Not Wet
526,1992,Monaco Grand Prix,294,Dry,Not Wet
527,1992,Canadian Grand Prix,295,Dry with temperatures reaching up to 25 °C (77 °F);Wind speeds up to 14 km/h (8.7 mph)[1],Not Wet
528,1992,French Grand Prix,296,"Dry, then raining",Wet
529,1992,British Grand Prix,297,Dry,Not Wet
530,1992,German Grand Prix,298,Dry,Not Wet
531,1992,Portuguese Grand Prix,302,"Dry, sunny, windy",Not Wet
532,1993,Canadian Grand Prix,279,Temperatures reaching up to 29.0 °C (84.2 °F);Wind speeds up to 18.3 km/h (11.4 mph)[1],Not Wet
533,1993,French Grand Prix,280,No weather description,Not Wet
534,1993,British Grand Prix,281,Dry,Not Wet
535,1993,Spanish Grand Prix,277,Sunny,Not Wet
536,1993,Hungarian Grand Prix,283,No weather description,Not Wet
537,1993,Italian Grand Prix,285,Hot and sunny,Not Wet
538,1993,Portuguese Grand Prix,286,"Dry, sunny, windy",Not Wet
539,1993,Japanese Grand Prix,287,"Dry/wet, warm, cloudy",Wet
540,1993,Australian Grand Prix,288,Sunny,Not Wet
541,1993,European Grand Prix,275,"Very cold, rain with dry spells",Wet
542,1993,Monaco Grand Prix,278,"Partly cloudy, mild, dry",Not Wet
543,1993,German Grand Prix,282,Dry,Not Wet
544,1993,San Marino Grand Prix,276,"Wet at start, dry later",Wet
545,1993,Brazilian Grand Prix,274,Dry first then torrential rain for a short period; later drying and staying dry for the rest of the race,Wet
546,1993,South African Grand Prix,273,"Very hot and humid, with torrential thunderstorms. Air temp: 33 °C (91 °F)",Wet
547,1993,Belgian Grand Prix,284,Sunny and clear,Not Wet
548,1994,Italian Grand Prix,268,Sunny,Not Wet
549,1994,Portuguese Grand Prix,269,Sunny,Not Wet
550,1994,European Grand Prix,270,Sunny,Not Wet
551,1994,Japanese Grand Prix,271,"Heavy rain, followed by light showers",Wet
552,1994,Australian Grand Prix,272,Sunny with clouds,Not Wet
553,1994,Belgian Grand Prix,267,Sunny,Not Wet
554,1994,Hungarian Grand Prix,266,Sunny,Not Wet
555,1994,German Grand Prix,265,Sunny,Not Wet
556,1994,British Grand Prix,264,Sunny,Not Wet
557,1994,French Grand Prix,263,Sunny,Not Wet
558,1994,Canadian Grand Prix,262,Temperatures approaching 26.3 °C (79.3 °F);Wind speeds up to 21 km/h (13 mph)[1],Not Wet
559,1994,Spanish Grand Prix,261,Sunny,Not Wet
560,1994,Monaco Grand Prix,260,Sunny,Not Wet
561,1994,San Marino Grand Prix,259,Sunny,Not Wet
562,1994,Pacific Grand Prix,258,Sunny,Not Wet
563,1994,Brazilian Grand Prix,257,Sunny,Not Wet
564,1995,Italian Grand Prix,251,Sunny,Not Wet
565,1995,Argentine Grand Prix,241,Cloudy,Not Wet
566,1995,San Marino Grand Prix,242,"Heavy rain before the start, before brightening up",Wet
567,1995,Spanish Grand Prix,243,Sunny,Not Wet
568,1995,Monaco Grand Prix,244,"Warm, sunny",Not Wet
569,1995,Canadian Grand Prix,245,"Cloudy at start, sunny later with temperatures reaching up to 24.3&#160;°C (75.7&#160;°F)<br />Wind speeds up to 8&#160;km/h (5.0&#160;mph)<sup id=""cite_ref-1"" class=""reference""><a href=""#cite_note-1"">&#91;1&#93;</a></sup>",Not Wet
570,1995,French Grand Prix,246,"Cloudy, light drizzle at times",Wet
571,1995,Brazilian Grand Prix,240,Overcast,Not Wet
572,1995,British Grand Prix,247,"Warm, cloudy, windy",Not Wet
573,1995,Belgian Grand Prix,250,"Cloudy, then heavy rain",Wet
574,1995,Portuguese Grand Prix,252,Sunny,Not Wet
575,1995,European Grand Prix,253,"Rain, later dried out, air temperature 11&#160;°C (52&#160;°F)",Wet
576,1995,Pacific Grand Prix,254,"Cloudy, dry",Not Wet
577,1995,German Grand Prix,248,"Sunny, 28&#160;°C (82&#160;°F)",Not Wet
578,1995,Japanese Grand Prix,255,"Rain, later dried out",Wet
579,1995,Australian Grand Prix,256,Sunny[2],Not Wet
580,1995,Hungarian Grand Prix,249,Sunny,Not Wet
581,1996,Australian Grand Prix,224,"Dry with temperatures reaching up to 23&#160;°C (73&#160;°F)<sup id=""cite_ref-1"" class=""reference""><a href=""#cite_note-1"">&#91;1&#93;</a></sup>",Not Wet
582,1996,Brazilian Grand Prix,225,"Thunderstorm, then drying with temperatures reaching up to 24&#160;°C (75&#160;°F)<sup id=""cite_ref-1"" class=""reference""><a href=""#cite_note-1"">&#91;1&#93;</a></sup>",Wet
583,1996,Argentine Grand Prix,226,"Dry with temperatures reaching up to 21&#160;°C (70&#160;°F)<sup id=""cite_ref-1"" class=""reference""><a href=""#cite_note-1"">&#91;1&#93;</a></sup>",Not Wet
584,1996,European Grand Prix,227,"Cloudy, but dry",Not Wet
585,1996,Portuguese Grand Prix,238,Mostly sunny with ambient temperatures reaching 25 °C during the day.,Not Wet
586,1996,San Marino Grand Prix,228,Sunny,Not Wet
587,1996,Monaco Grand Prix,229,"Overcast, mild, wet at first, drying later, light rain at finish",Wet
588,1996,Spanish Grand Prix,230,Rain,Wet
589,1996,French Grand Prix,232,Dry,Not Wet
590,1996,Canadian Grand Prix,231,Mostly sunny and warm with temperatures approaching 26 °C (79 °F)[1],Not Wet
591,1996,Japanese Grand Prix,239,"Sunny, mild and dry",Not Wet
592,1996,British Grand Prix,233,"Warm and sunny with temperatures reaching up to 25&#160;°C (77&#160;°F)<sup id=""cite_ref-1"" class=""reference""><a href=""#cite_note-1"">&#91;1&#93;</a></sup>",Not Wet
593,1996,Hungarian Grand Prix,235,"Sunny with temperatures reaching up to 27&#160;°C (81&#160;°F)<sup id=""cite_ref-2"" class=""reference""><a href=""#cite_note-2"">&#91;2&#93;</a></sup>",Not Wet
594,1996,Italian Grand Prix,237,Dry,Not Wet
595,1996,Belgian Grand Prix,236,Overcast and dry with temperatures reaching up to 17 °C (63 °F)[2],Not Wet
596,1996,German Grand Prix,234,"Sunny, dry",Not Wet
597,1997,Belgian Grand Prix,218,"Wet, then drying out with temperatures reaching up to 28 °C (82 °F)[2]",Wet
598,1997,Italian Grand Prix,219,Dry with temperatures reaching up to 29 °C (84 °F)[1],Not Wet
599,1997,Austrian Grand Prix,220,Sunny,Not Wet
600,1997,Luxembourg Grand Prix,221,"Partially cloudy, mild and dry",Not Wet
601,1997,Japanese Grand Prix,222,Sunny[3],Not Wet
602,1997,European Grand Prix,223,Sunny with temperatures reaching up to 25 °C (77 °F)[3],Not Wet
603,1997,Brazilian Grand Prix,208,Overcast and dry with temperatures reaching up to 23 °C (73 °F)[1],Not Wet
604,1997,British Grand Prix,215,"Sunny, Dry Track",Not Wet
605,1997,French Grand Prix,214,"Dry at first, rain in closing stages",Wet
606,1997,Canadian Grand Prix,213,Clear and mild with temperatures approaching 22.7 °C (72.9 °F)Wind speeds up to 4.1 km/h (2.5 mph)[1],Not Wet
607,1997,Spanish Grand Prix,212,Clear,Not Wet
608,1997,Monaco Grand Prix,211,"Overcast, cold and rain, air temperature 11 °C (52 °F)",Wet
609,1997,San Marino Grand Prix,210,"Cloudy, Dry, 17 °C",Not Wet
610,1997,German Grand Prix,216,"Sunny, dry track",Not Wet
611,1997,Australian Grand Prix,207,"Partly Cloudy, Dry",Not Wet
612,1997,Argentine Grand Prix,209,"Partially cloudy and dry, with temperatures reaching up to 21 °C (70 °F)[1]",Not Wet
613,1997,Hungarian Grand Prix,217,"Sunny, Dry Track, 27°C",Not Wet
614,1998,San Marino Grand Prix,194,"Sunny, 25 °C",Not Wet
615,1998,Spanish Grand Prix,195,Sunny and warm,Not Wet
616,1998,Monaco Grand Prix,196,Hot and sunny with temperatures reaching up to 22 °C (72 °F)[1],Not Wet
617,1998,Canadian Grand Prix,197,Cool and overcast with air temperatures reaching up to 16.0 °C (60.8 °F)Wind speeds up to 2.9 km/h (1.8 mph) reported[1],Not Wet
618,1998,French Grand Prix,198,"Sunny, warm",Not Wet
619,1998,British Grand Prix,199,"Rain, Wet Track",Wet
620,1998,Austrian Grand Prix,200,Sunny,Not Wet
621,1998,German Grand Prix,201,Cloudy but dry,Not Wet
622,1998,Hungarian Grand Prix,202,"Cloudy, hot, dry; 30 °C (86 °F)",Not Wet
623,1998,Belgian Grand Prix,203,Cold and wet with rain becoming heavier,Wet
624,1998,Italian Grand Prix,204,Sunny,Not Wet
625,1998,Luxembourg Grand Prix,205,"Cloudy, cold, dry",Not Wet
626,1998,Japanese Grand Prix,206,Fine,Not Wet
627,1998,Argentine Grand Prix,193,Cloudy with variable levels of dryness; temperatures reaching up to 19 °C (66 °F)[2],Not Wet
628,1998,Brazilian Grand Prix,192,"Mostly cloudy, 31 °C (88 °F)",Not Wet
629,1998,Australian Grand Prix,191,"Clear with maximum temperatures reaching 24 degrees at the start, increasing to 30 degrees by the end of the race.",Not Wet
630,1999,Brazilian Grand Prix,176,"Sunny, hot, dry 25 °C (77 °F)[1]",Not Wet
631,1999,San Marino Grand Prix,177,"Sunny, mild, dry, 23 °C",Not Wet
632,1999,Monaco Grand Prix,178,"Sunny, hot, dry",Not Wet
633,1999,Spanish Grand Prix,179,"Cloudy, hot, dry 22 °C (72 °F)[2]",Not Wet
634,1999,Canadian Grand Prix,180,Hot with temperatures approaching 31.0 °C (87.8 °F)Wind speeds up to 5.1 km/h (3.2 mph)[1]Track 41–43 °C (106–109 °F),Not Wet
635,1999,French Grand Prix,181,"Overcast, mild, dry at first, rain later on",Wet
636,1999,Hungarian Grand Prix,185,"Partially cloudy, hot, dry, Air: 25 °C (77 °F), Track 37 °C (99 °F)",Not Wet
637,1999,Austrian Grand Prix,183,"Overcast, mild, dry",Not Wet
638,1999,German Grand Prix,184,"Partially cloudy, very hot, dry",Not Wet
639,1999,Belgian Grand Prix,186,"Partially cloudy, mild, dry",Not Wet
640,1999,Italian Grand Prix,187,Hot and dry with temperatures reaching up to 30 °C (86 °F)[1],Not Wet
641,1999,European Grand Prix,188,Wet/Dry,Wet
642,1999,Malaysian Grand Prix,189,"Cloudy, hot, dry",Not Wet
643,1999,British Grand Prix,182,"Sunny, mild, dry",Not Wet
644,1999,Japanese Grand Prix,190,"Overcast, mild, dry",Not Wet
645,1999,Australian Grand Prix,175,Sunny and dry with temperatures reaching up to 19 °C (66 °F)[1],Not Wet
646,2000,Japanese Grand Prix,173,Dry/wet,Wet
647,2000,Malaysian Grand Prix,174,"Overcast, Very hot, Dry",Not Wet
648,2000,Australian Grand Prix,158,"Sunny,[2] Air Temp: 20 °C",Not Wet
649,2000,United States Grand Prix,172,"Cloudy, drying, Air 12&#160;°C (54&#160;°F);<br />Track 14&#160;°C (57&#160;°F)",Not Wet
650,2000,Brazilian Grand Prix,159,"Sunny, Air: 22 °C (72 °F), Track: 35 °C (95 °F)",Not Wet
651,2000,French Grand Prix,166,"Sunny, dry, Air Temp: 27°C",Not Wet
652,2000,Belgian Grand Prix,170,"Wet at start, drying, Air & track temperature; 15 °C (59 °F)",Wet
653,2000,Hungarian Grand Prix,169,"Partially cloudy, very hot, dry",Not Wet
654,2000,German Grand Prix,168,Dry/Wet,Wet
655,2000,Austrian Grand Prix,167,"Partially cloudy, dry",Not Wet
656,2000,Italian Grand Prix,171,"Sunny with temperatures reaching up to 29&#160;°C (84&#160;°F)<sup id=""cite_ref-4"" class=""reference""><a href=""#cite_note-4"">&#91;4&#93;</a></sup>",Not Wet
657,2000,Canadian Grand Prix,165,"Cloudy and raining; Air 17 °C (63 °F),Track 21 °C (70 °F)",Wet
658,2000,Monaco Grand Prix,164,Sunny,Not Wet
659,2000,European Grand Prix,163,"Dry at first, rain later on, Air: 11 °C (52 °F), Track: 12 °C (54 °F)",Wet
660,2000,Spanish Grand Prix,162,"Sunny, Mild, Dry",Not Wet
661,2000,San Marino Grand Prix,160,"Overcast, mild, dry; 16 °C (61 °F)",Not Wet
662,2000,British Grand Prix,161,"Sunny, mild, dry, Air Temp: 10 °C (50 °F)",Not Wet
663,2001,Belgian Grand Prix,154,"Overcast, mild, dry, Air Temp: 12 to 16 °C (54 to 61 °F)",Not Wet
664,2001,United States Grand Prix,156,"Sunny, cool, Air: 19–21 °C (66–70 °F);Track 27 °C (81 °F)",Not Wet
665,2001,San Marino Grand Prix,144,"Sunny. Air Temp: 14&#160;°C (57&#160;°F), Track 26&#160;°C (79&#160;°F)",Not Wet
666,2001,Brazilian Grand Prix,143,"Dry first, rain and thunderstorms later; Air temp: 25–30&#160;°C (77–86&#160;°F)<sup id=""cite_ref-1"" class=""reference""><a href=""#cite_note-1"">&#91;1&#93;</a></sup> Track 27–40&#160;°C (81–104&#160;°F)",Wet
667,2001,Malaysian Grand Prix,142,"Rain and Thunderstorms at start, dry later; Air Temp at start: 32&#160;°C (90&#160;°F)",Wet
668,2001,Australian Grand Prix,141,"Cloudy, sunny later",Not Wet
669,2001,Monaco Grand Prix,147,"Warm and Sunny, Air Temp: 23&#160;°C (73&#160;°F), Track 36 to 39&#160;°C (97 to 102&#160;°F)",Not Wet
670,2001,Canadian Grand Prix,148,Sunny,Not Wet
671,2001,European Grand Prix,149,"Sunny, mild, dry, Air Temp: 21°C",Not Wet
672,2001,French Grand Prix,150,Sunny,Not Wet
673,2001,British Grand Prix,151,"Partially cloudy, mild, dry, Air Temp: 16&#160;°C (61&#160;°F), Track 27&#160;°C (81&#160;°F)",Not Wet
674,2001,German Grand Prix,152,"Partially cloudy, very hot, dry",Not Wet
675,2001,Hungarian Grand Prix,153,"Hot, dry and partially cloudy",Not Wet
676,2001,Italian Grand Prix,155,"Sunny, partly cloudy, Air: 19 to 20&#160;°C (66 to 68&#160;°F), Track 26&#160;°C (79&#160;°F)",Not Wet
677,2001,Japanese Grand Prix,157,"Cloudy, mild, dry, air temp: 24°C",Not Wet
678,2001,Spanish Grand Prix,145,"Overcast, Mild, Dry, Air Temp: 18°C",Not Wet
679,2001,Austrian Grand Prix,146,"Sunny, Air: 18 to 19 °C (64 to 66 °F), Track 18 to 32 °C (64 to 90 °F)",Not Wet
680,2002,Belgian Grand Prix,137,"Cloudy, Air: 17 °C (63 °F), Track 25 °C (77 °F)[1]",Not Wet
681,2002,Italian Grand Prix,138,"Sunny, hot, dry 23°C",Not Wet
682,2002,United States Grand Prix,139,Sunny with temperatures reaching up to 26.7 °C (80.1 °F);Wind speeds approaching a maximum of 18.70 km/h (11.62 mph)[2]Track 34 °C (93 °F),Not Wet
683,2002,Japanese Grand Prix,140,"Sunny, Air: 26 °C (79 °F), Track 30 °C (86 °F)",Not Wet
684,2002,Spanish Grand Prix,128,"Clear, Air Temp: 20°C",Not Wet
685,2002,Brazilian Grand Prix,126,"Clear, Air Temp: 30°C",Not Wet
686,2002,San Marino Grand Prix,127,"Scattered thunderstorms, but remaining dry. Air Temp: 18°C",Wet
687,2002,Austrian Grand Prix,129,"Clear, Air Temp: 20°C",Not Wet
688,2002,Hungarian Grand Prix,136,"Partially cloudy, hot and sunny, Air Temp: 28 °C (82 °F)[4]",Not Wet
689,2002,Malaysian Grand Prix,125,"Partially cloudy, hot, and dry",Not Wet
690,2002,German Grand Prix,135,"Fine, Air Temp: 28°C",Not Wet
691,2002,British Grand Prix,133,"Dry/Wet, Air Temp: 21°C",Wet
692,2002,European Grand Prix,132,"Mainly Fine, Air Temp: 18°C",Not Wet
693,2002,Canadian Grand Prix,131,Mostly fine and humid with temperatures reaching a maximum of 24.1 °C (75.4 °F)Wind speeds up to 8 km/h (5.0 mph)[1],Not Wet
694,2002,Monaco Grand Prix,130,Fine; air temperature 22 °C (72 °F),Not Wet
695,2002,Australian Grand Prix,124,"Cloudy at start, clearing to sunny skies.",Not Wet
696,2002,French Grand Prix,134,"Warm and sunny, Air Temp: 25°C",Not Wet
697,2003,French Grand Prix,117,"Cloudy, Air: 26 °C (79 °F), Track 35 °C (95 °F)",Not Wet
698,2003,Malaysian Grand Prix,109,"Fine, air temperature 34°C (93°F)",Not Wet
699,2003,Brazilian Grand Prix,110,Rainy: 20 °C (68 °F),Wet
700,2003,San Marino Grand Prix,111,Mostly cloudy with maximum ambient temperatures reaching 13 degrees during the day.,Not Wet
701,2003,Spanish Grand Prix,112,Clear,Not Wet
702,2003,Austrian Grand Prix,113,Mostly cloudy with isolated showers in the area,Wet
703,2003,Monaco Grand Prix,114,Fine,Not Wet
704,2003,European Grand Prix,116,Mostly cloudy with maximum ambient temperatures reaching 25 degrees celsius during the day.,Not Wet
705,2003,Australian Grand Prix,108,"Damp at beginning, dry later, cloudy, mild",Not Wet
706,2003,Italian Grand Prix,121,Sunny,Not Wet
707,2003,Hungarian Grand Prix,120,"Warm, dry and sunny, 28 °C (82 °F)",Not Wet
708,2003,German Grand Prix,119,Fine,Not Wet
709,2003,Canadian Grand Prix,115,Partly cloudy and mild with temperatures reaching a maximum of 19.3 °C (66.7 °F)Wind speeds up to 12.9 km/h (8.0 mph)[1]Track 32 °C (90 °F)[2],Not Wet
710,2003,British Grand Prix,118,"Sunny at start, cloudy later, Air: 24&#160;°C (75&#160;°F), Track 29&#160;°C (84&#160;°F)<sup id=""cite_ref-1"" class=""reference""><a href=""#cite_note-1"">&#91;1&#93;</a></sup>",Not Wet
711,2003,United States Grand Prix,122,Scattered showers with temperatures up to 20.6 °C (69.1 °F);Wind speeds up to 25.93 km/h (16.11 mph)[2],Wet
712,2003,Japanese Grand Prix,123,"Cloudy, Air: 22&#160;°C (72&#160;°F), Track 25&#160;°C (77&#160;°F)",Not Wet
713,2004,Belgian Grand Prix,103,"Dry with temperatures reaching up to 15&#160;°C (59&#160;°F)<sup id=""cite_ref-1"" class=""reference""><a href=""#cite_note-1"">&#91;1&#93;</a></sup>",Not Wet
714,2004,Italian Grand Prix,104,"Wet track at the start, dry later on",Wet
715,2004,Chinese Grand Prix,105,"Sunny with temperatures reaching up to 27&#160;°C (81&#160;°F)<sup id=""cite_ref-1"" class=""reference""><a href=""#cite_note-1"">&#91;1&#93;</a></sup>",Not Wet
716,2004,Japanese Grand Prix,106,Sunny,Not Wet
717,2004,Brazilian Grand Prix,107,Dry/Wet,Wet
718,2004,German Grand Prix,101,Sunny,Not Wet
719,2004,Spanish Grand Prix,94,Clear,Not Wet
720,2004,Monaco Grand Prix,95,Dry and sunny,Not Wet
721,2004,European Grand Prix,96,"Cloudy at start, sunny later",Not Wet
722,2004,Canadian Grand Prix,97,Clear and mild with temperatures approaching 25.0 °C (77.0 °F)Wind speeds up to 5.8 km/h (3.6 mph)[1]Track 35 °C (95 °F)[2],Not Wet
723,2004,Hungarian Grand Prix,102,"Warm, dry and sunny, Air: 26&#160;°C (79&#160;°F), Track 42&#160;°C (108&#160;°F)",Not Wet
724,2004,Australian Grand Prix,90,Dry and cloudy<br />Air temperature 20&#160;°C (68&#160;°F),Not Wet
725,2004,United States Grand Prix,98,Fine with temperatures reaching up to 24 °C (75 °F);Wind speeds up to 20.55 km/h (12.77 mph)[2],Not Wet
726,2004,Bahrain Grand Prix,92,"Warm, dry and overcast",Not Wet
727,2004,San Marino Grand Prix,93,"Clear, air temp: 22°C",Not Wet
728,2004,French Grand Prix,99,Sunny,Not Wet
729,2004,British Grand Prix,100,"Cloudy, Air: 17&#160;°C (63&#160;°F), Track 27&#160;°C (81&#160;°F)<sup id=""cite_ref-2"" class=""reference""><a href=""#cite_note-2"">&#91;2&#93;</a></sup>",Not Wet
730,2004,Malaysian Grand Prix,91,"Dry, light rain at the startAir Temp 34 °C (93 °F)",Wet
731,2005,British Grand Prix,81,"Sunny, Air: 27 °C (81 °F), Track 47 °C (117 °F)",Not Wet
732,2005,Bahrain Grand Prix,73,"Sunny, 42 °C (108 °F)[1]",Not Wet
733,2005,Malaysian Grand Prix,72,"Fine, Air: 34–36°C (93–97°F) and Track: 44–50°C (111–122°F)",Not Wet
734,2005,Australian Grand Prix,71,"Cool, partly cloudy",Not Wet
735,2005,San Marino Grand Prix,74,Warm and cloudy,Not Wet
736,2005,German Grand Prix,82,"Cloudy with drizzle, but staying dry during the race. Air temp: 24°C.",Wet
737,2005,French Grand Prix,80,"Sunny, Air: 32 °C (90 °F), Track 53 °C (127 °F)",Not Wet
738,2005,Canadian Grand Prix,78,Cloudy and hot with temperatures approaching 32.5 °C (90.5 °F)Wind speeds up to 5.1 km/h (3.2 mph)[1]Track 43–47 °C (109–117 °F),Not Wet
739,2005,United States Grand Prix,79,"Cloudy, temperatures up to 25.0 °C (77.0 °F); wind speeds up to 17.9 km/h (11.1 mph)[4]",Not Wet
740,2005,European Grand Prix,77,"Partly cloudy, hot and dry",Not Wet
741,2005,Monaco Grand Prix,76,Fine,Not Wet
742,2005,Spanish Grand Prix,75,"Sunny, warm",Not Wet
743,2005,Hungarian Grand Prix,83,"Sunny, Air: 34 °C (93 °F), Track 45 °C (113 °F)",Not Wet
744,2005,Turkish Grand Prix,84,Sunny; 30°C Air; 45°C Track,Not Wet
745,2005,Belgian Grand Prix,86,Wet and dry,Wet
746,2005,Italian Grand Prix,85,Sunny,Not Wet
747,2005,Chinese Grand Prix,89,Sunny,Not Wet
748,2005,Japanese Grand Prix,88,Partially cloudy and dry with temperatures reaching up to 25 °C (77 °F)[2],Not Wet
749,2005,Brazilian Grand Prix,87,"Cloudy, dry, Air: 23 °C (73 °F), Track 22 °C (72 °F)",Not Wet
750,2006,Chinese Grand Prix,68,"Cloudy, wet track that progressively dried up.<br />Rainy during the last few laps.",Wet
751,2006,Brazilian Grand Prix,70,"Temperatures reaching up to 23&#160;°C (73&#160;°F)<sup id=""cite_ref-1"" class=""reference""><a href=""#cite_note-1"">&#91;1&#93;</a></sup>",Not Wet
752,2006,Italian Grand Prix,67,"Warm and sunny with temperatures reaching up to 27&#160;°C (81&#160;°F)<sup id=""cite_ref-1"" class=""reference""><a href=""#cite_note-1"">&#91;1&#93;</a></sup>",Not Wet
753,2006,Turkish Grand Prix,66,"Sunny, hot",Not Wet
754,2006,Hungarian Grand Prix,65,"Cool and rainy with temperatures reaching up to 20&#160;°C (68&#160;°F)<sup id=""cite_ref-4"" class=""reference""><a href=""#cite_note-4"">&#91;4&#93;</a></sup>",Wet
755,2006,German Grand Prix,64,"Sunny, warm",Not Wet
756,2006,Canadian Grand Prix,61,"Sunny and warm with temperatures reaching up to 28&#160;°C (82&#160;°F); wind speeds up to 4.1 kilometres per hour (2.5&#160;mph)<sup id=""cite_ref-1"" class=""reference""><a href=""#cite_note-1"">&#91;1&#93;</a></sup>",Not Wet
757,2006,Australian Grand Prix,55,Cloudy with sunny breaks. Air temperature 20°C,Not Wet
758,2006,British Grand Prix,60,Sunny,Not Wet
759,2006,Monaco Grand Prix,59,Fine,Not Wet
760,2006,Spanish Grand Prix,58,Sunny,Not Wet
761,2006,San Marino Grand Prix,56,Sunny,Not Wet
762,2006,French Grand Prix,63,"Sunny, warm",Not Wet
763,2006,United States Grand Prix,62,"Sunny, hot",Not Wet
764,2006,Malaysian Grand Prix,54,"Fine, Air Temp: 33°C, Wind Speed: 1.5 m/s, Humidity: 61%",Not Wet
765,2006,Japanese Grand Prix,69,Fine,Not Wet
766,2006,Bahrain Grand Prix,53,"Fine, Dry and Hot<br />Air Temp 23&#160;°C (73&#160;°F)<sup id=""cite_ref-weather_1-0"" class=""reference""><a href=""#cite_note-weather-1"">&#91;1&#93;</a></sup><br />Track Temp 40&#160;°C (104&#160;°F)<sup id=""cite_ref-weather_1-1"" class=""reference""><a href=""#cite_note-weather-1"">&#91;1&#93;</a></sup> dropping to <span class=""nowrap"">34&#160;°C (93&#160;°F)</span>",Not Wet
767,2006,European Grand Prix,57,No weather description,Not Wet
768,2007,Monaco Grand Prix,40,"Cloudy, air temp 24–27&#160;°C (75–81&#160;°F), track temp 33–42&#160;°C (91–108&#160;°F)",Not Wet
769,2007,Brazilian Grand Prix,52,"37&#160;°C (Air), 63&#160;°C (Track)",Not Wet
770,2007,Chinese Grand Prix,51,Intermittent light rain,Wet
771,2007,Japanese Grand Prix,50,Very heavy rain,Wet
772,2007,Belgian Grand Prix,49,"Partly cloudy, mild and dry",Not Wet
773,2007,Italian Grand Prix,48,Sunny,Not Wet
774,2007,Turkish Grand Prix,47,Sunny,Not Wet
775,2007,Malaysian Grand Prix,37,"Sunny<sup id=""cite_ref-Race_Report_1-1"" class=""reference""><a href=""#cite_note-Race_Report-1"">&#91;1&#93;</a></sup>",Not Wet
776,2007,Hungarian Grand Prix,46,"Sunny, temperatures reaching up to 27&#160;°C (81&#160;°F)<sup id=""cite_ref-4"" class=""reference""><a href=""#cite_note-4"">&#91;4&#93;</a></sup>",Not Wet
777,2007,Bahrain Grand Prix,38,"Sunny, dry, windy",Not Wet
778,2007,British Grand Prix,44,Dry and sunny,Not Wet
779,2007,French Grand Prix,43,Cloudy,Not Wet
780,2007,United States Grand Prix,42,Warm (33C/91F) and clear,Not Wet
781,2007,Canadian Grand Prix,41,"Warm with temperatures approaching 26&#160;°C (79&#160;°F); wind speeds up to 5.8 kilometres per hour (3.6&#160;mph)<sup id=""cite_ref-1"" class=""reference""><a href=""#cite_note-1"">&#91;1&#93;</a></sup>",Not Wet
782,2007,Spanish Grand Prix,39,Sunny and warm,Not Wet
783,2007,European Grand Prix,45,Heavy Rain on Lap 1. Drying track at restart. Light Rain before the finish.,Wet
784,2007,Australian Grand Prix,36,"Clear with temperatures reaching up to 21&#160;°C (70&#160;°F)<sup id=""cite_ref-1"" class=""reference""><a href=""#cite_note-1"">&#91;1&#93;</a></sup>",Not Wet
785,2008,Brazilian Grand Prix,35,"Rain at beginning and end, otherwise drying",Wet
786,2008,Hungarian Grand Prix,28,"Sunny; Air 30–31 °C (86–88 °F), Track 40–43 °C (104–109 °F)",Not Wet
787,2008,Chinese Grand Prix,34,Dry,Not Wet
788,2008,Japanese Grand Prix,33,Cloudy with temperatures reaching up to 17 °C (63 °F)[4],Not Wet
789,2008,Singapore Grand Prix,32,"Dry, Air Temp: 28 °C (82 °F), Wind Speed: 2.2 metres per second (7.2 ft/s), Humidity: 79%",Not Wet
790,2008,Italian Grand Prix,31,"Heavy rain, dry towards the end",Wet
791,2008,Belgian Grand Prix,30,"Cloudy, rain in last 3 laps",Wet
792,2008,European Grand Prix,29,Sunny,Not Wet
793,2008,German Grand Prix,27,"Cloudy, later sunny[1]",Not Wet
794,2008,Malaysian Grand Prix,19,"Sunny, partly cloudy",Not Wet
795,2008,French Grand Prix,25,Dry at first; light rain in the final stages,Wet
796,2008,Australian Grand Prix,18,"Clear, dry, air temperature of 39 °C (102 °F).",Not Wet
797,2008,Bahrain Grand Prix,20,Dry,Not Wet
798,2008,British Grand Prix,26,"Rain, later drying",Wet
799,2008,Canadian Grand Prix,24,"Hot with temperatures approaching 31&#160;°C (88&#160;°F); wind speeds up to 8.9 kilometres per hour (5.5&#160;mph)<sup id=""cite_ref-1"" class=""reference""><a href=""#cite_note-1"">&#91;1&#93;</a></sup>",Not Wet
800,2008,Monaco Grand Prix,23,"Wet, drying later.",Wet
801,2008,Turkish Grand Prix,22,"Sunny with temperatures reaching up to 17&#160;°C (63&#160;°F)<sup id=""cite_ref-3"" class=""reference""><a href=""#cite_note-3"">&#91;3&#93;</a></sup>",Not Wet
802,2008,Spanish Grand Prix,21,Sunny,Not Wet
803,2009,Australian Grand Prix,1,"Sunny with temperatures reaching up to 27&#160;°C (81&#160;°F)<sup id=""cite_ref-2"" class=""reference""><a href=""#cite_note-2"">&#91;2&#93;</a></sup>",Not Wet
804,2009,Turkish Grand Prix,7,Sunny,Not Wet
805,2009,Monaco Grand Prix,6,Sunny,Not Wet
806,2009,Spanish Grand Prix,5,"Warm, Sunny",Not Wet
807,2009,Bahrain Grand Prix,4,Sunny,Not Wet
808,2009,Chinese Grand Prix,3,Rain,Wet
809,2009,Malaysian Grand Prix,2,"Dry start, with heavy rain and thunderstorm/monsoon later",Wet
810,2009,British Grand Prix,8,"Dry, overcast",Not Wet
811,2009,Abu Dhabi Grand Prix,17,Dry,Not Wet
812,2009,Japanese Grand Prix,15,"Sunny, Dry",Not Wet
813,2009,Singapore Grand Prix,14,Hot and Dry,Not Wet
814,2009,Italian Grand Prix,13,Mainly sunny,Not Wet
815,2009,Belgian Grand Prix,12,Clear but Mild,Not Wet
816,2009,European Grand Prix,11,Hot and dry with temperatures reaching up to 33 °C (91 °F)[1],Not Wet
817,2009,Hungarian Grand Prix,10,Sunny25 °C (77 °F)[3],Not Wet
818,2009,German Grand Prix,9,Sunny and overcast,Not Wet
819,2009,Brazilian Grand Prix,16,Partially cloudy and dry,Not Wet
820,2010,Brazilian Grand Prix,354,Clear; 25&#160;°C (77&#160;°F),Not Wet
821,2010,Italian Grand Prix,350,Sunny,Not Wet
822,2010,Japanese Grand Prix,352,Sunny,Not Wet
823,2010,Bahrain Grand Prix,337,Sunny,Not Wet
824,2010,Australian Grand Prix,338,Overcast with light rain at start,Wet
825,2010,Malaysian Grand Prix,339,"Mainly cloudy, dry",Not Wet
826,2010,Chinese Grand Prix,340,"Cloudy, rain",Wet
827,2010,Spanish Grand Prix,341,"Mainly cloudy, dry",Not Wet
828,2010,Monaco Grand Prix,342,"Mainly cloudy, dry",Not Wet
829,2010,Korean Grand Prix,353,"Rain; Air 20&#160;°C (68&#160;°F), Track 18&#160;°C (64&#160;°F)",Wet
830,2010,Turkish Grand Prix,343,Air: 28 to 29&#160;°C (82 to 84&#160;°F) Track: 39 to 49&#160;°C (102 to 120&#160;°F),Not Wet
831,2010,European Grand Prix,345,"Dry<sup id=""cite_ref-:6_3-0"" class=""reference""><a href=""#cite_note-:6-3"">&#91;3&#93;</a></sup>",Not Wet
832,2010,British Grand Prix,346,Mainly sunny,Not Wet
833,2010,German Grand Prix,347,"Mainly cloudy, dry<sup id=""cite_ref-f1racing_4-0"" class=""reference""><a href=""#cite_note-f1racing-4"">&#91;4&#93;</a></sup>",Not Wet
834,2010,Abu Dhabi Grand Prix,355,Dry[3]Air Temp 28 °C (82 °F)[3]Track Temp 33 °C (91 °F) dropping to 29 °C (84 °F)[3],Not Wet
835,2010,Belgian Grand Prix,349,Intermittent rain,Wet
836,2010,Singapore Grand Prix,351,"Clear; Air temp 29 to 30&#160;°C (84 to 86&#160;°F), Track temp 31&#160;°C (88&#160;°F)<sup id=""cite_ref-autosportrace_6-0"" class=""reference""><a href=""#cite_note-autosportrace-6"">&#91;5&#93;</a></sup><sup id=""cite_ref-f1racing_7-0"" class=""reference""><a href=""#cite_note-f1racing-7"">&#91;6&#93;</a></sup>",Not Wet
837,2010,Canadian Grand Prix,344,"Warm with temperatures approaching 26&#160;°C (79&#160;°F); wind speeds up to 4.9 kilometres per hour (3.0&#160;mph)<sup id=""cite_ref-1"" class=""reference""><a href=""#cite_note-1"">&#91;1&#93;</a></sup>",Not Wet
838,2010,Hungarian Grand Prix,348,"Mainly sunny<br />28&#160;°C (82&#160;°F)<sup id=""cite_ref-1"" class=""reference""><a href=""#cite_note-1"">&#91;1&#93;</a></sup>",Not Wet
839,2011,Indian Grand Prix,857,Fine and DryAir Temp 30 °C (86 °F)[1],Not Wet
840,2011,Abu Dhabi Grand Prix,858,Fine and DryAir Temp 25 °C (77 °F)[1],Not Wet
841,2011,Brazilian Grand Prix,859,FineAir Temp 24 °C (75 °F)  Track Temp 43 °C (109 °F)[1],Not Wet
842,2011,Australian Grand Prix,841,"Sunny, 18°C",Not Wet
843,2011,Canadian Grand Prix,847,"Wet at start, very heavy rain later, after rain stops, track drying towards the end. Temperatures up to 27&#160;°C (81&#160;°F); wind speeds up to 12 kilometres per hour (7.5&#160;mph)<sup id=""cite_ref-2"" class=""reference""><a href=""#cite_note-2"">&#91;2&#93;</a></sup>",Wet
844,2011,Monaco Grand Prix,846,"Sunny, Fine and Dry<sup id=""cite_ref-weather_2-0"" class=""reference""><a href=""#cite_note-weather-2"">&#91;2&#93;</a></sup><br />Air Temp 24&#160;°C (75&#160;°F)<sup id=""cite_ref-weather_2-1"" class=""reference""><a href=""#cite_note-weather-2"">&#91;2&#93;</a></sup><br />Track Temp 44&#160;°C (111&#160;°F)<sup id=""cite_ref-weather_2-2"" class=""reference""><a href=""#cite_note-weather-2"">&#91;2&#93;</a></sup>",Not Wet
845,2011,Korean Grand Prix,856,"Dry, light rain at the startAir Temp 21 °C (70 °F)[2]",Wet
846,2011,British Grand Prix,849,"Wet track at start; subsequently drying<sup id=""cite_ref-weather_1-0"" class=""reference""><a href=""#cite_note-weather-1"">&#91;1&#93;</a></sup><br />Air Temp 20&#160;°C (68&#160;°F)<sup id=""cite_ref-weather_1-1"" class=""reference""><a href=""#cite_note-weather-1"">&#91;1&#93;</a></sup><br />Track Temp 22&#160;°C (72&#160;°F)<sup id=""cite_ref-weather_1-2"" class=""reference""><a href=""#cite_note-weather-1"">&#91;1&#93;</a></sup>",Wet
847,2011,German Grand Prix,850,"Cloudy, (light) rain at start",Wet
848,2011,Hungarian Grand Prix,851,"Cloudy, rain showers",Wet
849,2011,Malaysian Grand Prix,842,"Cloudy, dry",Not Wet
850,2011,Japanese Grand Prix,855,Sunny and dryAir Temp 24 °C (75 °F)[3],Not Wet
851,2011,Belgian Grand Prix,852,"Cloudy, dry",Not Wet
852,2011,Italian Grand Prix,853,Mainly sunny,Not Wet
853,2011,Spanish Grand Prix,845,"Mainly sunny, Fine and Dry[3][4]Air Temp 27 °C (81 °F)[4]Track Temp 33 °C (91 °F) to 44 °C (111 °F)[4]",Not Wet
854,2011,Turkish Grand Prix,844,"Sunny, Fine and Dry[2]Air Temp 17 °C (63 °F)[2]Track Temp 35 °C (95 °F) dropping to 30 °C (86 °F)[2]",Not Wet
855,2011,Chinese Grand Prix,843,Fine and Dry[1]Air Temp 22 °C (72 °F)[1]Track Temp 32 °C (90 °F) dropping to 26 °C (79 °F)[1],Not Wet
856,2011,Singapore Grand Prix,854,Hot and humidAir Temp 31 °C (88 °F)[1],Not Wet
857,2011,European Grand Prix,848,"Clear, Fine and Dry[1][2]Air Temp 27 °C (81 °F)[2]Track Temp 47 °C (117 °F)[2]",Not Wet
858,2012,Indian Grand Prix,876,"Fine, Dry, a little hazy and a little dusty[2]Air Temp 30 °C (86 °F)[2]Track Temp 36 °C (97 °F) dropping to 31 °C (88 °F)[2]",Not Wet
859,2012,Singapore Grand Prix,873,"Hot and humid<sup id=""cite_ref-weather_2-0"" class=""reference""><a href=""#cite_note-weather-2"">&#91;2&#93;</a></sup><br />Air Temp 29&#160;°C (84&#160;°F)<sup id=""cite_ref-weather_2-1"" class=""reference""><a href=""#cite_note-weather-2"">&#91;2&#93;</a></sup><br />Track Temp 31&#160;°C (88&#160;°F)<sup id=""cite_ref-weather_2-2"" class=""reference""><a href=""#cite_note-weather-2"">&#91;2&#93;</a></sup>",Not Wet
860,2012,British Grand Prix,868,"Dry<br />Air Temp 20&#160;°C (68&#160;°F)<sup id=""cite_ref-weather_2-0"" class=""reference""><a href=""#cite_note-weather-2"">&#91;2&#93;</a></sup><br />Track Temp 31&#160;°C (88&#160;°F)<sup id=""cite_ref-weather_2-1"" class=""reference""><a href=""#cite_note-weather-2"">&#91;2&#93;</a></sup>",Not Wet
861,2012,Spanish Grand Prix,864,"Partially cloudy, dry: Air 23&#160;°C (73&#160;°F), Track 36&#160;°C (97&#160;°F)",Not Wet
862,2012,Brazilian Grand Prix,879,"Race start: drops of rain, light rain shower getting heavier at the end.[2]Air Temp 19 °C (66 °F)[2]Track Temp 21 °C (70 °F)[2]",Wet
863,2012,United States Grand Prix,878,Scattered clouds[2][3]Air temp 24 °C (75 °F)[3]Track temp 32 °C (90 °F)[3],Not Wet
864,2012,Abu Dhabi Grand Prix,877,Dry[2]Air Temp 29 °C (84 °F)[2]Track Temp 34 °C (93 °F) dropping to 29 °C (84 °F)[2],Not Wet
865,2012,Korean Grand Prix,875,Fine and Dry[3]Air Temp 21 °C (70 °F)[3]Track Temp 27 °C (81 °F) dropping to 23 °C (73 °F)[3],Not Wet
866,2012,Japanese Grand Prix,874,Fine and Dry[2]Air Temp 23 °C (73 °F)[2]Track Temp 32 °C (90 °F)[2],Not Wet
867,2012,Belgian Grand Prix,871,Fine and Dry[4]Air Temp 23 °C (73 °F)[4]Track Temp 33 °C (91 °F)[4],Not Wet
868,2012,Italian Grand Prix,872,Dry and sizzlingly sunny[2]Air temp 28 °C (82 °F)[2]Track temp 40 °C (104 °F)[2],Not Wet
869,2012,German Grand Prix,869,Fine and Dry[2]Air Temp 22 °C (72 °F)[2]Track Temp 30 °C (86 °F)[2],Not Wet
870,2012,European Grand Prix,867,Fine and Dry[2]Air Temp 27 °C (81 °F)[2]Track Temp 45 °C (113 °F)[2],Not Wet
871,2012,Canadian Grand Prix,866,"Fine, dry and warm;[2]with air temperature approaching 29 °C (84 °F)[2]Track Temp 45 °C (113 °F) dropping to 39 °C (102 °F)[2]",Not Wet
872,2012,Monaco Grand Prix,865,"Fine and Dry, showers threatening at end[2]Air Temp 21 °C (70 °F)[2]Track Temp 38 °C (100 °F) dropping to 31 °C (88 °F)[2]",Wet
873,2012,Bahrain Grand Prix,863,Sunny and hot[1][2]Air Temp 27 °C (81 °F)[2]Track Temp 33 °C (91 °F) dropping to 29 °C (84 °F)[2],Not Wet
874,2012,Chinese Grand Prix,862,Overcast but Dry[1]Air Temp 22 °C (72 °F)[1]Track Temp 23 °C (73 °F)[1],Not Wet
875,2012,Malaysian Grand Prix,861,Heavy rain clearing to cloudy and dry[2]Air Temp 26 °C (79 °F)[2] Track Temp 29 °C (84 °F) dropping to 24 °C (75 °F) [2],Wet
876,2012,Australian Grand Prix,860,Fine[1]Air Temp 22 °C (72 °F)[1]Track Temp 30 °C (86 °F) dropping to 22 °C (72 °F)[1],Not Wet
877,2012,Hungarian Grand Prix,870,Fine and Dry. Very Hot[2][3]Air Temp 30 °C (86 °F)[3]Track Temp 45 °C (113 °F)[3],Not Wet
878,2013,Chinese Grand Prix,882,No weather description,Not Wet
879,2013,Malaysian Grand Prix,881,Light rain clearing to cloudy and dry,Wet
880,2013,Bahrain Grand Prix,883,No weather description,Not Wet
881,2013,Australian Grand Prix,880,"Scattered Clouds, Fine and Dry[2]Air Temp 18 °C (64 °F)[2]Track Temp 25 °C (77 °F) dropping to 19 °C (66 °F)[2]",Not Wet
882,2013,Monaco Grand Prix,885,Warm and sunny,Not Wet
883,2013,Canadian Grand Prix,886,Mild with temperatures approaching 23 °C (73 °F); wind speeds up to 15 kilometres per hour (9.3 mph)[2],Not Wet
884,2013,British Grand Prix,887,Dry,Not Wet
885,2013,German Grand Prix,888,Sunny,Not Wet
886,2013,Spanish Grand Prix,884,Sunny,Not Wet
887,2013,United States Grand Prix,898,"Partly cloudy, warm<br />Temperatures reaching up to 89.1&#160;°F (31.7&#160;°C); wind speeds approaching speeds of 11.1 miles per hour (17.9&#160;km/h)<sup id=""cite_ref-2"" class=""reference""><a href=""#cite_note-2"">&#91;2&#93;</a></sup>",Not Wet
888,2013,Hungarian Grand Prix,890,"Very hot and sunny, 35°C.",Not Wet
889,2013,Italian Grand Prix,892,Cloudy,Not Wet
890,2013,Singapore Grand Prix,893,Dry and 29 degrees,Not Wet
891,2013,Korean Grand Prix,894,Cloudy with maximum temperatures reaching 29 degrees during the day,Not Wet
892,2013,Japanese Grand Prix,895,Warm and sunny,Not Wet
893,2013,Indian Grand Prix,896,"Sunny, haze",Not Wet
894,2013,Abu Dhabi Grand Prix,897,Clear,Not Wet
895,2013,Brazilian Grand Prix,899,"Cloudy, Air Temp: 18°C",Not Wet
896,2013,Belgian Grand Prix,891,No weather description,Not Wet
897,2014,Malaysian Grand Prix,901,"Dry, 32°C",Not Wet
898,2014,Bahrain Grand Prix,902,Dry,Not Wet
899,2014,Abu Dhabi Grand Prix,918,"Clear skies; Air temp: 30 °C (86 °F) during the day, dropping to 24 °C (75.2 °F). Wind speed: 8 km/h (4.9 mph).<sup id=""cite_ref-2"" class=""reference""><a href=""#cite_note-2"">&#91;2&#93;</a></sup> (Night race)",Not Wet
900,2014,Brazilian Grand Prix,917,"Sunny, Air: 23 to 24&#160;°C (73 to 75&#160;°F), Track: 46 to 50&#160;°C (115 to 122&#160;°F)",Not Wet
901,2014,United States Grand Prix,916,Sunny,Not Wet
902,2014,Russian Grand Prix,915,"Fine and dry;<br />21&#160;°C (70&#160;°F) ambient temperature,<br />33&#160;°C (91&#160;°F) track temperature<sup id=""cite_ref-4"" class=""reference""><a href=""#cite_note-4"">&#91;4&#93;</a></sup>",Not Wet
903,2014,Japanese Grand Prix,914,Rain. Air: 20&#160;°C (68&#160;°F) Track: 24&#160;°C (75&#160;°F),Wet
904,2014,Belgian Grand Prix,911,Mostly cloudy,Not Wet
905,2014,Italian Grand Prix,912,"Sunny; Air: 25&#160;°C (77&#160;°F), Track: 37 to 42&#160;°C (99 to 108&#160;°F)",Not Wet
906,2014,Australian Grand Prix,900,"Overcast, 19&#160;°C(66&#160;°F)",Not Wet
907,2014,Hungarian Grand Prix,910,"Overcast. Wet track at start, then drying.<br />Scattered thunderstorms during the day, temperatures reaching a maximum of 26 degrees.<sup id=""cite_ref-1"" class=""reference""><a href=""#cite_note-1"">&#91;1&#93;</a></sup>",Wet
908,2014,German Grand Prix,909,Cloudy with maximum temperatures reaching 26 degrees during the day.,Not Wet
909,2014,British Grand Prix,908,Mostly cloudy with maximum temperatures reaching 21 degrees during the day.,Not Wet
910,2014,Austrian Grand Prix,907,"Partially cloudy, hot and dry",Not Wet
911,2014,Canadian Grand Prix,906,"Temperatures up to 27.6&#160;°C (81.7&#160;°F); wind speeds up to 16.4 kilometres per hour (10.2&#160;mph)<sup id=""cite_ref-5"" class=""reference""><a href=""#cite_note-5"">&#91;5&#93;</a></sup>",Not Wet
912,2014,Monaco Grand Prix,905,"Overcast, Air: 20 to 21&#160;°C (68 to 70&#160;°F), Track: 28 to 30&#160;°C (82 to 86&#160;°F).",Not Wet
913,2014,Singapore Grand Prix,913,Clear. Air: 28 to 30&#160;°C (82 to 86&#160;°F) Track: 33 to 37&#160;°C (91 to 99&#160;°F).,Not Wet
914,2014,Spanish Grand Prix,904,Sunny,Not Wet
915,2014,Chinese Grand Prix,903,"Mostly cloudy, dry",Not Wet
916,2015,Spanish Grand Prix,930,"Sunny<br />25&#160;°C (77&#160;°F) air temperature<br />44&#160;°C (111&#160;°F) track temperature<br />1.8&#160;m/s (5.9&#160;ft/s) wind from the northeast<sup id=""cite_ref-3"" class=""reference""><a href=""#cite_note-3"">&#91;3&#93;</a></sup>",Not Wet
917,2015,Canadian Grand Prix,932,"Sunny<br />20–21&#160;°C (68–70&#160;°F) air temperature<br />39&#160;°C (102&#160;°F) track temperature<br />4&#160;m/s (13&#160;ft/s) wind from the north<sup id=""cite_ref-Motorsport_Total_2-0"" class=""reference""><a href=""#cite_note-Motorsport_Total-2"">&#91;2&#93;</a></sup>",Not Wet
918,2015,Chinese Grand Prix,928,Sunny21 °C (70 °F) air temperature46 °C (115 °F) track temperature1.4 m/s (4.6 ft/s) wind from the northwest[1],Not Wet
919,2015,Australian Grand Prix,926,Partly cloudy17–18 °C (63–64 °F) air temperature32–37 °C (90–99 °F) track temperature6 m/s (20 ft/s) wind from the south[3],Not Wet
920,2015,Malaysian Grand Prix,927,Sunny32–33 °C (90–91 °F) air temperature53–58 °C (127–136 °F) track temperature2 m/s (6.6 ft/s) wind from the south[3],Not Wet
921,2015,Austrian Grand Prix,933,Cloudy14–15 °C (57–59 °F) air temperature27–32 °C (81–90 °F) track temperature2 m/s (6.6 ft/s) wind from the west[2],Not Wet
922,2015,Monaco Grand Prix,931,"Partly cloudy<br />18–19&#160;°C (64–66&#160;°F) air temperature<br />31–37&#160;°C (88–99&#160;°F) track temperature<br />1.5&#160;m/s (4.9&#160;ft/s) wind from the west<sup id=""cite_ref-Motorsport_Total_2-0"" class=""reference""><a href=""#cite_note-Motorsport_Total-2"">&#91;2&#93;</a></sup>",Not Wet
923,2015,Hungarian Grand Prix,936,Sunny22–24 °C (72–75 °F) air temperature41–48 °C (106–118 °F) track temperature3.2 m/s (10 ft/s) wind from the east[2],Not Wet
924,2015,Bahrain Grand Prix,929,"Sunny, clear24–26 °C (75–79 °F) air temperature28–31 °C (82–88 °F) track temperature1.5 m/s (4.9 ft/s) wind from the north[1]",Not Wet
925,2015,Belgian Grand Prix,937,Cloudy23 °C (73 °F) air temperature33–37 °C (91–99 °F) track temperature3.5 m/s (11 ft/s) wind from the northwest[2],Not Wet
926,2015,Singapore Grand Prix,939,Dry28–29 °C (82–84 °F) air temperature34–36 °C (93–97 °F) track temperature0.5 m/s (1.6 ft/s) wind from the west[2],Not Wet
927,2015,Japanese Grand Prix,940,Partly cloudy27 °C (81 °F) air temperature52–54 °C (126–129 °F) track temperature4.5 m/s (15 ft/s) wind from the east[2],Not Wet
928,2015,Russian Grand Prix,941,Partly cloudy18 °C (64 °F) air temperature25–27 °C (77–81 °F) track temperature1.5 m/s (4.9 ft/s) wind from the north[2],Not Wet
929,2015,United States Grand Prix,942,Very cloudy17 °C (63 °F) air temperature17–20 °C (63–68 °F) track temperature8 m/s (26 ft/s) wind from the south[2],Not Wet
930,2015,Mexican Grand Prix,943,Partly cloudy22–24 °C (72–75 °F) air temperature48–56 °C (118–133 °F) track temperature1.5 m/s (4.9 ft/s) wind from the northwest[2],Not Wet
931,2015,Brazilian Grand Prix,944,Dry22–28 °C (72–82 °F) air temperature38–48 °C (100–118 °F) track temperature2.5 m/s (8.2 ft/s) wind from the north[2],Not Wet
932,2015,Abu Dhabi Grand Prix,945,Clear25–27 °C (77–81 °F) air temperature28–29 °C (82–84 °F) track temperature1.5 m/s (4.9 ft/s) wind from the south[3],Not Wet
933,2015,Italian Grand Prix,938,Partly cloudy22–23 °C (72–73 °F) air temperature38–39 °C (100–102 °F) track temperature1.5 m/s (4.9 ft/s) wind from changing directions[2],Not Wet
934,2015,British Grand Prix,934,"Cloudy, rain at times17–20 °C (63–68 °F) air temperature24–32 °C (75–90 °F) track temperature2.5 m/s (8.2 ft/s) wind from the east[2]",Wet
935,2016,Belgian Grand Prix,960,Partially cloudy and dry,Not Wet
936,2016,Mexican Grand Prix,966,Sunny,Not Wet
937,2016,United States Grand Prix,965,Sunny and hot with temperatures reaching up to 84 °F (29 °C); wind speeds approaching speeds of 9.2 miles per hour (14.8 km/h)[2],Not Wet
938,2016,Japanese Grand Prix,964,Cloudy,Not Wet
939,2016,Malaysian Grand Prix,963,Sunny33 °C (91 °F) air temperature49 °C (120 °F) track temperature2.8 m/s (9.2 ft/s) wind from the west[2],Not Wet
940,2016,Singapore Grand Prix,962,Clear30 °C (86 °F) air temperature34–35 °C (93–95 °F) track temperature1.5 m/s (4.9 ft/s) wind from the east[2],Not Wet
941,2016,Italian Grand Prix,961,"Sunny, warm",Not Wet
942,2016,German Grand Prix,959,Partially cloudy and dry,Not Wet
943,2016,Monaco Grand Prix,953,"Rainy at start, dry later17–18 °C (63–64 °F) air temperature20–22 °C (68–72 °F) track temperature2 m/s (6.6 ft/s) wind from the north[4]",Wet
944,2016,British Grand Prix,957,"Wet at start, dry later",Wet
945,2016,Austrian Grand Prix,956,Cloudy,Not Wet
946,2016,European Grand Prix,955,Partly cloudy30–33 °C (86–91 °F) air temperature39–45 °C (102–113 °F) track temperature2.5 m/s (8.2 ft/s) wind from the southeast[4],Not Wet
947,2016,Canadian Grand Prix,954,Cloudy12 °C (54 °F) air temperature21–23 °C (70–73 °F) track temperature2.5 m/s (8.2 ft/s) wind from the southeast[4],Not Wet
948,2016,Chinese Grand Prix,950,Sunny21 °C (70 °F) air temperature37 °C (99 °F) track temperature4.8 m/s (16 ft/s) wind from the northeast[4],Not Wet
949,2016,Bahrain Grand Prix,949,Dry21–22 °C (70–72 °F) air temperature26–29 °C (79–84 °F) track temperature2 m/s (6.6 ft/s) wind from the southwest[4],Not Wet
950,2016,Australian Grand Prix,948,Partly cloudy22–23 °C (72–73 °F) air temperature26–36 °C (79–97 °F) track temperature4 m/s (8.9 mph; 14 km/h) wind from the south[4],Not Wet
951,2016,Brazilian Grand Prix,967,Rain and 16 °C (60.8 °F),Wet
952,2016,Hungarian Grand Prix,958,Sunny,Not Wet
953,2016,Abu Dhabi Grand Prix,968,Sunny,Not Wet
954,2016,Spanish Grand Prix,952,Partly cloudy20–22 °C (68–72 °F) air temperature39–41 °C (102–106 °F) track temperature2 m/s (6.6 ft/s) wind from the north[4],Not Wet
955,2016,Russian Grand Prix,951,Partly cloudy16 °C (61 °F) air temperature37–41 °C (99–106 °F) track temperature2.5 m/s (8.2 ft/s) wind from the southwest[4],Not Wet
956,2017,Canadian Grand Prix,975,"Sunny and hot with temperatures reaching up to 29&#160;°C (84&#160;°F); wind speeds reaching 12.9 kilometres per hour (8.0&#160;mph)<sup id=""cite_ref-4"" class=""reference""><a href=""#cite_note-4"">&#91;4&#93;</a></sup>",Not Wet
957,2017,Azerbaijan Grand Prix,976,Sunny,Not Wet
958,2017,Austrian Grand Prix,977,Partly cloudy,Not Wet
959,2017,British Grand Prix,978,Overcast,Not Wet
960,2017,Hungarian Grand Prix,979,Sunny,Not Wet
961,2017,Belgian Grand Prix,980,Partially cloudy and dry,Not Wet
962,2017,Australian Grand Prix,969,"Partly cloudy<br />24&#160;°C (75&#160;°F) air temperature<br />31–36&#160;°C (88–97&#160;°F) track temperature<br />2&#160;m/s (4.5&#160;mph; 7.2&#160;km/h) wind from the northwest<sup id=""cite_ref-3"" class=""reference""><a href=""#cite_note-3"">&#91;3&#93;</a></sup>",Not Wet
963,2017,Singapore Grand Prix,982,"Wet at start, then drying. Air temperature: 28°C (82°F)",Wet
964,2017,Malaysian Grand Prix,983,Cloudy,Not Wet
965,2017,Japanese Grand Prix,984,Sunny,Not Wet
966,2017,United States Grand Prix,985,"Sunny with temperatures reaching up to 82.9&#160;°F (28.3&#160;°C); wind speeds approaching speeds of 13.8 miles per hour (22.2&#160;km/h)<sup id=""cite_ref-4"" class=""reference""><a href=""#cite_note-4"">&#91;4&#93;</a></sup>",Not Wet
967,2017,Mexican Grand Prix,986,"Sunny, dry",Not Wet
968,2017,Abu Dhabi Grand Prix,988,Clear,Not Wet
969,2017,Chinese Grand Prix,970,"Light rain at start, drying later.",Wet
970,2017,Italian Grand Prix,981,Sunny,Not Wet
971,2017,Bahrain Grand Prix,971,No weather description,Not Wet
972,2017,Russian Grand Prix,972,No weather description,Not Wet
973,2017,Spanish Grand Prix,973,No weather description,Not Wet
974,2017,Monaco Grand Prix,974,No weather description,Not Wet
975,2017,Brazilian Grand Prix,987,No weather description,Not Wet
976,2018,Australian Grand Prix,989,Sunny,Not Wet
977,2018,Azerbaijan Grand Prix,992,Cloudy,Not Wet
978,2018,Brazilian Grand Prix,1008,No weather description,Not Wet
979,2018,Spanish Grand Prix,993,"Partially cloudy and dry, 16°C and cold.",Not Wet
980,2018,Canadian Grand Prix,995,"Temperatures reaching up to 22.7&#160;°C (72.9&#160;°F); with wind speeds reaching 11.1 kilometres per hour (6.9&#160;mph)<sup id=""cite_ref-2"" class=""reference""><a href=""#cite_note-2"">&#91;2&#93;</a></sup>",Not Wet
981,2018,French Grand Prix,996,"Partially cloudy, warm and dry",Not Wet
982,2018,Austrian Grand Prix,997,Sunny,Not Wet
983,2018,British Grand Prix,998,"Sunny 27.0&#160;°C (80.6&#160;°F)<sup id=""cite_ref-2"" class=""reference""><a href=""#cite_note-2"">&#91;2&#93;</a></sup>",Not Wet
984,2018,German Grand Prix,999,Overcast with intermittent rain,Wet
985,2018,United States Grand Prix,1006,Partly cloudy,Not Wet
986,2018,Abu Dhabi Grand Prix,1009,No weather description,Not Wet
987,2018,Bahrain Grand Prix,990,No weather description,Not Wet
988,2018,Mexican Grand Prix,1007,No weather description,Not Wet
989,2018,Japanese Grand Prix,1005,No weather description,Not Wet
990,2018,Russian Grand Prix,1004,No weather description,Not Wet
991,2018,Italian Grand Prix,1002,No weather description,Not Wet
992,2018,Belgian Grand Prix,1001,No weather description,Not Wet
993,2018,Hungarian Grand Prix,1000,No weather description,Not Wet
994,2018,Singapore Grand Prix,1003,No weather description,Not Wet
995,2018,Monaco Grand Prix,994,No weather description,Not Wet
996,2018,Chinese Grand Prix,991,No weather description,Not Wet
997,2019,Singapore Grand Prix,1024,Slightly hazy,Not Wet
998,2019,Russian Grand Prix,1025,Partly cloudy,Not Wet
999,2019,Japanese Grand Prix,1026,Sunny,Not Wet
1000,2019,Brazilian Grand Prix,1029,Sunny,Not Wet
1001,2019,United States Grand Prix,1028,Sunny,Not Wet
1002,2019,Italian Grand Prix,1023,Partly cloudy,Not Wet
1003,2019,Abu Dhabi Grand Prix,1030,Clear,Not Wet
1004,2019,Mexican Grand Prix,1027,Partly cloudy,Not Wet
1005,2019,Belgian Grand Prix,1022,Partly cloudy,Not Wet
1006,2019,French Grand Prix,1017,Clear,Not Wet
1007,2019,German Grand Prix,1020,"Early rain, Late clouds",Wet
1008,2019,British Grand Prix,1019,Partly cloudy,Not Wet
1009,2019,Austrian Grand Prix,1018,"Sunny, 36C (97F)",Not Wet
1010,2019,Canadian Grand Prix,1016,Temperatures reaching up to 29.6 °C (85.3 °F); wind speeds negligible[2],Not Wet
1011,2019,Australian Grand Prix,1010,No weather description,Not Wet
1012,2019,Bahrain Grand Prix,1011,Clear,Not Wet
1013,2019,Chinese Grand Prix,1012,No weather description,Not Wet
1014,2019,Spanish Grand Prix,1014,No weather description,Not Wet
1015,2019,Monaco Grand Prix,1015,Overcast,Not Wet
1016,2019,Hungarian Grand Prix,1021,Sunny,Not Wet
1017,2019,Azerbaijan Grand Prix,1013,No weather description,Not Wet
1018,2020,Styrian Grand Prix,1032,Sunny,Not Wet
1019,2020,Emilia Romagna Grand Prix,1043,Partly cloudy,Not Wet
1020,2020,Portuguese Grand Prix,1042,Cloudy,Not Wet
1021,2020,Eifel Grand Prix,1041,"Partly cloudy, 10&#160;°C (50&#160;°F)",Not Wet
1022,2020,Russian Grand Prix,1040,Sunny,Not Wet
1023,2020,Tuscan Grand Prix,1039,Sunny,Not Wet
1024,2020,Italian Grand Prix,1038,Sunny,Not Wet
1025,2020,Belgian Grand Prix,1037,Partly cloudy,Not Wet
1026,2020,70th Anniversary Grand Prix,1035,Sunny,Not Wet
1027,2020,British Grand Prix,1034,Partly cloudy,Not Wet
1028,2020,Hungarian Grand Prix,1033,"Wet at start, partly cloudy",Wet
1029,2020,Austrian Grand Prix,1031,Sunny,Not Wet
1030,2020,Abu Dhabi Grand Prix,1047,Clear,Not Wet
1031,2020,Sakhir Grand Prix,1046,Clear,Not Wet
1032,2020,Turkish Grand Prix,1044,Overcast. Wet and drying track. Air: 11–14 °C (52–57 °F); Track: 14–17 °C (57–63 °F),Wet
1033,2020,Spanish Grand Prix,1036,Partly cloudy,Not Wet
1034,2020,Bahrain Grand Prix,1045,Clear,Not Wet
1035,2021,Saudi Arabian Grand Prix,1072,Clear,Not Wet
1036,2021,Abu Dhabi Grand Prix,1073,Clear,Not Wet
1037,2021,Emilia Romagna Grand Prix,1053,"Wet at start, drying during race, 9 °C (48 °F)",Wet
1038,2021,Mexico City Grand Prix,1070,Sunny,Not Wet
1039,2021,Bahrain Grand Prix,1052,"Clear, 21 °C (70 °F)",Not Wet
1040,2021,Qatar Grand Prix,1051,Clear,Not Wet
1041,2021,Portuguese Grand Prix,1054,Light cloud,Not Wet
1042,2021,Spanish Grand Prix,1055,Cloudy,Not Wet
1043,2021,Monaco Grand Prix,1056,Sunny,Not Wet
1044,2021,Styrian Grand Prix,1058,Partly cloudy. Ambient temperature: 25 to 29 °C (77 to 84 °F); Surface temperature: 48 to 56 °C (118 to 133 °F),Not Wet
1045,2021,French Grand Prix,1059,Windy and partly cloudy. Ambient temperature: 24 to 27 °C (75 to 81 °F); Surface temperature: 33 to 38 °C (91 to 100 °F),Not Wet
1046,2021,Austrian Grand Prix,1060,Partly cloudy,Not Wet
1047,2021,British Grand Prix,1061,Clear. Ambient: 29 to 31 °C (84 to 88 °F); Surface: 48 to 52 °C (118 to 126 °F),Not Wet
1048,2021,Hungarian Grand Prix,1062,Rain and sunny. Ambient: 26 to 29 °C (79 to 84 °F); Surface: 31 to 52 °C (88 to 126 °F).[3],Wet
1049,2021,Belgian Grand Prix,1063,Wet; persistent rain,Wet
1050,2021,Dutch Grand Prix,1064,Sunny,Not Wet
1051,2021,Italian Grand Prix,1065,Sunny,Not Wet
1052,2021,Russian Grand Prix,1066,Cloudy and rainy,Wet
1053,2021,Azerbaijan Grand Prix,1057,Sunny,Not Wet
1054,2021,United States Grand Prix,1069,Sunny,Not Wet
1055,2021,Turkish Grand Prix,1067,Overcast with intermittent rain,Wet
1056,2021,São Paulo Grand Prix,1071,Sunny,Not Wet
1057,2022,United States Grand Prix,1093,Partly cloudy,Not Wet
1058,2022,Japanese Grand Prix,1092,Rain,Wet
1059,2022,Saudi Arabian Grand Prix,1075,Clear,Not Wet
1060,2022,Australian Grand Prix,1076,Partly cloudy,Not Wet
1061,2022,Emilia Romagna Grand Prix,1077,Cloudy in a wet and drying track[2],Wet
1062,2022,Miami Grand Prix,1078,"Warm, partly cloudy",Not Wet
1063,2022,Spanish Grand Prix,1079,Sunny,Not Wet
1064,2022,Azerbaijan Grand Prix,1081,Sunny,Not Wet
1065,2022,Canadian Grand Prix,1082,Sunny,Not Wet
1066,2022,British Grand Prix,1083,Partly cloudy,Not Wet
1067,2022,Austrian Grand Prix,1084,Partly cloudy,Not Wet
1068,2022,French Grand Prix,1085,Sunny,Not Wet
1069,2022,Hungarian Grand Prix,1086,"Overcast with drizzle throughout, light rain at the end",Wet
1070,2022,Belgian Grand Prix,1087,Sunny,Not Wet
1071,2022,Dutch Grand Prix,1088,Partly cloudy,Not Wet
1072,2022,Italian Grand Prix,1089,Sunny,Not Wet
1073,2022,Singapore Grand Prix,1091,Partly cloudy in a wet and drying track,Wet
1074,2022,Mexico City Grand Prix,1094,Partly cloudy,Not Wet
1075,2022,Monaco Grand Prix,1080,Rain and partly cloudy in wet-and-drying track conditions,Wet
1076,2022,Abu Dhabi Grand Prix,1096,Clear,Not Wet
1077,2022,Bahrain Grand Prix,1074,Clear,Not Wet
1078,2022,Brazilian Grand Prix,1095,Cloudy,Not Wet
